/home/runner/work/_temp/de1c744d-762a-4d69-a3e7-105746a5448e.sh: line 5: sdkmanager: command not found


=== WEBVIEW BUILD LOG ===


Welcome to Gradle 9.7.1!

Here are the highlights of this release:
 - Isolated Projects graduates to incubating
 - Broader Configuration Cache compatibility
 - Resilient Sync helps you fix broken builds
 - More source locations in problem reports

For more details see https://docs.gradle.org/9.7.1/release-notes.html


------------------------------------------------------------
Gradle 9.7.1
------------------------------------------------------------

Build time:    2026-08-19 14:16:09 UTC
Revision:      92f0512e7f06d84621afba191f75e265363890cf

Kotlin:        2.4.0
Groovy:        4.0.32
Ant:           Apache Ant(TM) version 1.10.17 compiled on April 6 2026
Launcher JVM:  17.0.20.1 (Eclipse Adoptium 17.0.20.1+1)
Daemon JVM:    /usr/lib/jvm/temurin-17-jdk-amd64 (no Daemon JVM specified, using current Java home)
OS:            Linux 6.17.0-1022-azure amd64

Initialized native services in: /home/runner/.gradle/native
Initialized jansi services in: /home/runner/.gradle/native
Removing 0 daemon stop events from registry
Starting a Gradle Daemon (subsequent builds will be faster)
Starting process 'Gradle build daemon'. Working directory: /home/runner/.gradle/daemon/9.7.1 Command: /usr/lib/jvm/temurin-17-jdk-amd64/bin/java --add-opens=java.base/java.lang=ALL-UNNAMED --add-opens=java.base/java.lang.invoke=ALL-UNNAMED --add-opens=java.base/java.util=ALL-UNNAMED --add-opens=java.prefs/java.util.prefs=ALL-UNNAMED --add-exports=jdk.compiler/com.sun.tools.javac.api=ALL-UNNAMED --add-exports=jdk.compiler/com.sun.tools.javac.util=ALL-UNNAMED --add-opens=java.base/java.nio.charset=ALL-UNNAMED --add-opens=java.base/java.net=ALL-UNNAMED --add-opens=java.base/java.util.concurrent=ALL-UNNAMED --add-opens=java.base/java.util.concurrent.atomic=ALL-UNNAMED --add-opens=java.xml/javax.xml.namespace=ALL-UNNAMED --add-opens=java.base/java.time=ALL-UNNAMED -Xmx2048m -Dfile.encoding=UTF-8 -Duser.country -Duser.language=en -Duser.variant -cp /usr/share/gradle-9.7.1/lib/gradle-daemon-main-9.7.1.jar -javaagent:/usr/share/gradle-9.7.1/lib/agents/gradle-instrumentation-agent-9.7.1.jar org.gradle.launcher.daemon.bootstrap.GradleDaemon 9.7.1
Successfully started process 'Gradle build daemon'
An attempt to start the daemon took 2.736 secs.
The client will now receive all logging from the daemon (pid: 2227). The daemon log file: /home/runner/.gradle/daemon/9.7.1/daemon-2227.out.log
Starting build in new daemon [memory: 2 GiB]
Using 4 worker leases.
Operational build model parameters: {cachingModelBuilding=false, configurationCache=false, configurationCacheDisabledReason=null, configurationCacheParallelLoad=false, configurationCacheParallelStore=false, configureOnDemand=false, invalidateCoupledProjects=false, isolatedProjects=false, isolatedProjectsDiagnostics=false, isolatedProjectsDangerouslyIgnoreProblems=false, modelAsProjectDependency=false, modelBuilding=false, parallelModelBuilding=false, parallelProjectConfiguration=false, parallelProjectExecution=false, vintage=true}
Received JVM installation metadata from '/usr/lib/jvm/temurin-17-jdk-amd64': {JAVA_HOME=/usr/lib/jvm/temurin-17-jdk-amd64, JAVA_VERSION=17.0.20.1, JAVA_VENDOR=Eclipse Adoptium, RUNTIME_NAME=OpenJDK Runtime Environment, RUNTIME_VERSION=17.0.20.1+1, VM_NAME=OpenJDK 64-Bit Server VM, VM_VERSION=17.0.20.1+1, VM_VENDOR=Eclipse Adoptium, OS_ARCH=amd64}
Watching the file system is configured to be enabled if available
Now considering [/home/runner/work/Minecraft/Minecraft/android-webview] as hierarchies to watch
File system watching is active
Caching disabled for Groovy DSL script compilation (cp_init) because:
  Build cache is disabled
  Not worth caching.
Compiling initialization script '/home/runner/.gradle/init.d/gradle-build-action.build-result-capture.init.gradle' using SubsetScriptTransformer.
Caching disabled for Groovy DSL script compilation (init) because:
  Build cache is disabled
  Not worth caching.
Compiling initialization script '/home/runner/.gradle/init.d/gradle-build-action.build-result-capture.init.gradle' using BuildScriptTransformer.
Caching disabled for Groovy DSL script compilation (cp_init) because:
  Build cache is disabled
  Not worth caching.
Compiling initialization script '/home/runner/.gradle/init.d/gradle-build-action.github-dependency-graph.init.gradle' using SubsetScriptTransformer.
Caching disabled for Groovy DSL script compilation (init) because:
  Build cache is disabled
  Not worth caching.
Compiling initialization script '/home/runner/.gradle/init.d/gradle-build-action.github-dependency-graph.init.gradle' using BuildScriptTransformer.
Caching disabled for Groovy DSL script compilation (cp_init) because:
  Build cache is disabled
  Not worth caching.
Compiling initialization script '/home/runner/.gradle/init.d/gradle-build-action.inject-gradle-enterprise.init.gradle' using SubsetScriptTransformer.
Caching disabled for Groovy DSL script compilation (init) because:
  Build cache is disabled
  Not worth caching.
Compiling initialization script '/home/runner/.gradle/init.d/gradle-build-action.inject-gradle-enterprise.init.gradle' using BuildScriptTransformer.
Starting Build
Caching disabled for Groovy DSL script compilation (cp_settings) because:
  Build cache is disabled
  Not worth caching.
Compiling settings file '/home/runner/work/Minecraft/Minecraft/android-webview/settings.gradle' using SubsetScriptTransformer.
Caching disabled for Groovy DSL script compilation (settings) because:
  Build cache is disabled
  Not worth caching.
Compiling settings file '/home/runner/work/Minecraft/Minecraft/android-webview/settings.gradle' using BuildScriptTransformer.
Settings evaluated using settings file '/home/runner/work/Minecraft/Minecraft/android-webview/settings.gradle'.
Caching disabled for Groovy DSL script compilation (cp_dsl) because:
  Build cache is disabled
  Not worth caching.
Compiling script '/home/runner/.gradle/init.d/gradle-build-action.build-result-capture-service.plugin.groovy' using SubsetScriptTransformer.
Caching disabled for Groovy DSL script compilation (dsl) because:
  Build cache is disabled
  Not worth caching.
Compiling script '/home/runner/.gradle/init.d/gradle-build-action.build-result-capture-service.plugin.groovy' using BuildScriptTransformer.
Projects loaded. Root project using build file '/home/runner/work/Minecraft/Minecraft/android-webview/build.gradle'.
Included projects: [root project 'android-webview', project ':app']

> Configure project :
Evaluating root project 'android-webview' using build file '/home/runner/work/Minecraft/Minecraft/android-webview/build.gradle'.
Caching disabled for Groovy DSL script compilation (cp_proj) because:
  Build cache is disabled
  Not worth caching.
Compiling build file '/home/runner/work/Minecraft/Minecraft/android-webview/build.gradle' using SubsetScriptTransformer.
Downloading https://dl.google.com/dl/android/maven2/com/android/tools/build/gradle/8.1.0/gradle-8.1.0.pom to /home/runner/.gradle/.tmp/gradle_download11518431962013826111bin
Downloading https://dl.google.com/dl/android/maven2/com/android/tools/build/gradle/8.1.0/gradle-8.1.0.module to /home/runner/.gradle/.tmp/gradle_download7185298074374495875bin
Downloading https://dl.google.com/dl/android/maven2/com/android/tools/sdklib/31.1.0/sdklib-31.1.0.pom to /home/runner/.gradle/.tmp/gradle_download16116513238922818145bin
Downloading https://dl.google.com/dl/android/maven2/com/android/tools/build/gradle-settings-api/8.1.0/gradle-settings-api-8.1.0.pom to /home/runner/.gradle/.tmp/gradle_download17029842188776108465bin
Downloading https://dl.google.com/dl/android/maven2/com/android/tools/repository/31.1.0/repository-31.1.0.pom to /home/runner/.gradle/.tmp/gradle_download15844947551665203351bin
Downloading https://dl.google.com/dl/android/maven2/com/android/tools/analytics-library/crash/31.1.0/crash-31.1.0.pom to /home/runner/.gradle/.tmp/gradle_download5102883511208745822bin
Downloading https://dl.google.com/dl/android/maven2/androidx/databinding/databinding-common/8.1.0/databinding-common-8.1.0.pom to /home/runner/.gradle/.tmp/gradle_download3521505119880691735bin
Downloading https://dl.google.com/dl/android/maven2/androidx/databinding/databinding-compiler-common/8.1.0/databinding-compiler-common-8.1.0.pom to /home/runner/.gradle/.tmp/gradle_download3010062293844206941bin
Downloading https://dl.google.com/dl/android/maven2/com/android/tools/lint/lint-typedef-remover/31.1.0/lint-typedef-remover-31.1.0.pom to /home/runner/.gradle/.tmp/gradle_download8475384432457567280bin
Downloading https://dl.google.com/dl/android/maven2/com/android/tools/lint/lint-model/31.1.0/lint-model-31.1.0.pom to /home/runner/.gradle/.tmp/gradle_download16396921122631728730bin
Downloading https://dl.google.com/dl/android/maven2/com/android/tools/ddms/ddmlib/31.1.0/ddmlib-31.1.0.pom to /home/runner/.gradle/.tmp/gradle_download2613520748113926734bin
Downloading https://dl.google.com/dl/android/maven2/com/android/tools/layoutlib/layoutlib-api/31.1.0/layoutlib-api-31.1.0.pom to /home/runner/.gradle/.tmp/gradle_download1464944918368356442bin
Downloading https://dl.google.com/dl/android/maven2/com/android/tools/build/aaptcompiler/8.1.0/aaptcompiler-8.1.0.pom to /home/runner/.gradle/.tmp/gradle_download12227599448970220803bin
Downloading https://dl.google.com/dl/android/maven2/com/android/tools/build/aapt2-proto/8.1.0-10154469/aapt2-proto-8.1.0-10154469.pom to /home/runner/.gradle/.tmp/gradle_download11209352041706457637bin
Downloading https://dl.google.com/dl/android/maven2/com/android/databinding/baseLibrary/8.1.0/baseLibrary-8.1.0.pom to /home/runner/.gradle/.tmp/gradle_download14264967743480939734bin
Downloading https://dl.google.com/dl/android/maven2/com/android/tools/analytics-library/shared/31.1.0/shared-31.1.0.pom to /home/runner/.gradle/.tmp/gradle_download1747178564803938330bin
Downloading https://dl.google.com/dl/android/maven2/com/android/tools/utp/android-test-plugin-host-coverage-proto/31.1.0/android-test-plugin-host-coverage-proto-31.1.0.pom to /home/runner/.gradle/.tmp/gradle_download1768381479021663755bin
Downloading https://dl.google.com/dl/android/maven2/com/android/tools/utp/android-device-provider-ddmlib-proto/31.1.0/android-device-provider-ddmlib-proto-31.1.0.pom to /home/runner/.gradle/.tmp/gradle_download895263002510735858bin
Downloading https://dl.google.com/dl/android/maven2/com/android/tools/utp/android-device-provider-gradle-proto/31.1.0/android-device-provider-gradle-proto-31.1.0.pom to /home/runner/.gradle/.tmp/gradle_download12811105407174416576bin
Downloading https://dl.google.com/dl/android/maven2/com/android/tools/utp/android-test-plugin-host-additional-test-output-proto/31.1.0/android-test-plugin-host-additional-test-output-proto-31.1.0.pom to /home/runner/.gradle/.tmp/gradle_download10646015929187041232bin
Downloading https://dl.google.com/dl/android/maven2/com/android/tools/build/jetifier/jetifier-processor/1.0.0-beta10/jetifier-processor-1.0.0-beta10.pom to /home/runner/.gradle/.tmp/gradle_download18428526684464046801bin
Downloading https://dl.google.com/dl/android/maven2/com/android/tools/utp/android-test-plugin-host-emulator-control-proto/31.1.0/android-test-plugin-host-emulator-control-proto-31.1.0.pom to /home/runner/.gradle/.tmp/gradle_download3290730151159650401bin
Resource missing. [HTTP GET: https://dl.google.com/dl/android/maven2/org/apache/httpcomponents/httpmime/4.5.6/httpmime-4.5.6.pom]
Downloading https://dl.google.com/dl/android/maven2/com/android/tools/build/builder-test-api/8.1.0/builder-test-api-8.1.0.pom to /home/runner/.gradle/.tmp/gradle_download687307908520578539bin
Resource missing. [HTTP GET: https://dl.google.com/dl/android/maven2/com/squareup/javapoet/1.10.0/javapoet-1.10.0.pom]
Resource missing. [HTTP GET: https://dl.google.com/dl/android/maven2/com/google/protobuf/protobuf-java/3.19.3/protobuf-java-3.19.3.pom]
Downloading https://dl.google.com/dl/android/maven2/com/android/tools/build/jetifier/jetifier-core/1.0.0-beta10/jetifier-core-1.0.0-beta10.pom to /home/runner/.gradle/.tmp/gradle_download5161998678916553462bin
Resource missing. [HTTP GET: https://dl.google.com/dl/android/maven2/com/google/flatbuffers/flatbuffers-java/1.12.0/flatbuffers-java-1.12.0.pom]
Downloading https://dl.google.com/dl/android/maven2/com/android/tools/utp/android-test-plugin-host-apk-installer-proto/31.1.0/android-test-plugin-host-apk-installer-proto-31.1.0.pom to /home/runner/.gradle/.tmp/gradle_download3336542390428692109bin
Downloading https://dl.google.com/dl/android/maven2/com/android/tools/utp/android-test-plugin-result-listener-gradle-proto/31.1.0/android-test-plugin-result-listener-gradle-proto-31.1.0.pom to /home/runner/.gradle/.tmp/gradle_download7135169458811526477bin
Resource missing. [HTTP GET: https://dl.google.com/dl/android/maven2/org/tensorflow/tensorflow-lite-metadata/0.1.0-rc2/tensorflow-lite-metadata-0.1.0-rc2.pom]
Resource missing. [HTTP GET: https://dl.google.com/dl/android/maven2/org/jetbrains/kotlin/kotlin-stdlib-jdk8/1.8.20-RC2/kotlin-stdlib-jdk8-1.8.20-RC2.pom]
Downloading https://dl.google.com/dl/android/maven2/com/android/tools/utp/android-test-plugin-host-retention-proto/31.1.0/android-test-plugin-host-retention-proto-31.1.0.pom to /home/runner/.gradle/.tmp/gradle_download10116592735403518019bin
Downloading https://dl.google.com/dl/android/maven2/com/android/tools/build/transform-api/2.0.0-deprecated-use-gradle-api/transform-api-2.0.0-deprecated-use-gradle-api.pom to /home/runner/.gradle/.tmp/gradle_download7804258121792711002bin
Resource missing. [HTTP GET: https://dl.google.com/dl/android/maven2/commons-io/commons-io/2.4/commons-io-2.4.pom]
Resource missing. [HTTP GET: https://dl.google.com/dl/android/maven2/org/ow2/asm/asm/9.2/asm-9.2.pom]
Resource missing. [HTTP GET: https://dl.google.com/dl/android/maven2/com/google/crypto/tink/tink/1.7.0/tink-1.7.0.pom]
Resource missing. [HTTP GET: https://dl.google.com/dl/android/maven2/io/grpc/grpc-stub/1.45.1/grpc-stub-1.45.1.pom]
Resource missing. [HTTP GET: https://dl.google.com/dl/android/maven2/org/ow2/asm/asm-analysis/9.2/asm-analysis-9.2.pom]
Resource missing. [HTTP GET: https://dl.google.com/dl/android/maven2/io/grpc/grpc-core/1.45.1/grpc-core-1.45.1.pom]
Downloading https://dl.google.com/dl/android/maven2/com/google/testing/platform/core-proto/0.0.8-alpha08/core-proto-0.0.8-alpha08.pom to /home/runner/.gradle/.tmp/gradle_download10399484217876119086bin
Resource missing. [HTTP GET: https://dl.google.com/dl/android/maven2/com/google/protobuf/protobuf-java-util/3.19.3/protobuf-java-util-3.19.3.pom]
Resource missing. [HTTP GET: https://dl.google.com/dl/android/maven2/com/google/code/gson/gson/2.8.6/gson-2.8.6.pom]
Resource missing. [HTTP GET: https://dl.google.com/dl/android/maven2/org/bouncycastle/bcpkix-jdk15on/1.67/bcpkix-jdk15on-1.67.pom]
Resource missing. [HTTP GET: https://dl.google.com/dl/android/maven2/io/grpc/grpc-netty/1.45.1/grpc-netty-1.45.1.pom]
Downloading https://dl.google.com/dl/android/maven2/com/android/tools/build/builder/8.1.0/builder-8.1.0.pom to /home/runner/.gradle/.tmp/gradle_download12764847486375367374bin
Resource missing. [HTTP GET: https://dl.google.com/dl/android/maven2/org/ow2/asm/asm-commons/9.2/asm-commons-9.2.pom]
Resource missing. [HTTP GET: https://dl.google.com/dl/android/maven2/org/ow2/asm/asm-util/9.2/asm-util-9.2.pom]
Downloading https://dl.google.com/dl/android/maven2/com/android/tools/build/jetifier/jetifier-processor/1.0.0-beta10/jetifier-processor-1.0.0-beta10.module to /home/runner/.gradle/.tmp/gradle_download5924625761594214759bin
Downloading https://dl.google.com/dl/android/maven2/com/android/tools/build/aapt2-proto/8.1.0-10154469/aapt2-proto-8.1.0-10154469.module to /home/runner/.gradle/.tmp/gradle_download12416865367670182093bin
Downloading https://dl.google.com/dl/android/maven2/com/android/tools/sdk-common/31.1.0/sdk-common-31.1.0.pom to /home/runner/.gradle/.tmp/gradle_download14302384229412841656bin
Resource missing. [HTTP GET: https://dl.google.com/dl/android/maven2/org/glassfish/jaxb/jaxb-runtime/2.3.2/jaxb-runtime-2.3.2.pom]
Resource missing. [HTTP GET: https://dl.google.com/dl/android/maven2/io/grpc/grpc-protobuf/1.45.1/grpc-protobuf-1.45.1.pom]
Resource missing. [HTTP GET: https://dl.google.com/dl/android/maven2/net/sf/jopt-simple/jopt-simple/4.9/jopt-simple-4.9.pom]
Downloading https://dl.google.com/dl/android/maven2/com/android/tools/build/builder-test-api/8.1.0/builder-test-api-8.1.0.module to /home/runner/.gradle/.tmp/gradle_download7800259350744874734bin
Downloading https://dl.google.com/dl/android/maven2/com/android/tools/build/aaptcompiler/8.1.0/aaptcompiler-8.1.0.module to /home/runner/.gradle/.tmp/gradle_download13228420286519232656bin
Downloading https://dl.google.com/dl/android/maven2/com/android/tools/utp/android-test-plugin-host-logcat-proto/31.1.0/android-test-plugin-host-logcat-proto-31.1.0.pom to /home/runner/.gradle/.tmp/gradle_download9646707481185370098bin
Downloading https://dl.google.com/dl/android/maven2/com/android/tools/build/gradle-api/8.1.0/gradle-api-8.1.0.pom to /home/runner/.gradle/.tmp/gradle_download6361298937115638574bin
Downloading https://dl.google.com/dl/android/maven2/com/android/tools/build/bundletool/1.14.0/bundletool-1.14.0.pom to /home/runner/.gradle/.tmp/gradle_download10055890210056082456bin
Downloading https://dl.google.com/dl/android/maven2/com/android/tools/build/gradle-settings-api/8.1.0/gradle-settings-api-8.1.0.module to /home/runner/.gradle/.tmp/gradle_download758359080927715342bin
Downloading https://dl.google.com/dl/android/maven2/com/android/tools/build/jetifier/jetifier-core/1.0.0-beta10/jetifier-core-1.0.0-beta10.module to /home/runner/.gradle/.tmp/gradle_download1962791937488406478bin
Downloading https://dl.google.com/dl/android/maven2/com/android/tools/build/builder-model/8.1.0/builder-model-8.1.0.pom to /home/runner/.gradle/.tmp/gradle_download17554230620178722038bin
Downloading https://repo.maven.apache.org/maven2/org/ow2/asm/asm/9.2/asm-9.2.pom to /home/runner/.gradle/.tmp/gradle_download5547590260836211007bin
Downloading https://repo.maven.apache.org/maven2/com/google/crypto/tink/tink/1.7.0/tink-1.7.0.pom to /home/runner/.gradle/.tmp/gradle_download16099932903856170897bin
Downloading https://repo.maven.apache.org/maven2/io/grpc/grpc-core/1.45.1/grpc-core-1.45.1.pom to /home/runner/.gradle/.tmp/gradle_download3874712134565922733bin
Downloading https://repo.maven.apache.org/maven2/org/tensorflow/tensorflow-lite-metadata/0.1.0-rc2/tensorflow-lite-metadata-0.1.0-rc2.pom to /home/runner/.gradle/.tmp/gradle_download1854135350764468507bin
Downloading https://dl.google.com/dl/android/maven2/com/android/tools/build/builder/8.1.0/builder-8.1.0.module to /home/runner/.gradle/.tmp/gradle_download166143584744020275bin
Downloading https://repo.maven.apache.org/maven2/com/google/protobuf/protobuf-java/3.19.3/protobuf-java-3.19.3.pom to /home/runner/.gradle/.tmp/gradle_download17907013886843446097bin
Downloading https://repo.maven.apache.org/maven2/org/bouncycastle/bcpkix-jdk15on/1.67/bcpkix-jdk15on-1.67.pom to /home/runner/.gradle/.tmp/gradle_download17162992822567641262bin
Downloading https://repo.maven.apache.org/maven2/com/google/protobuf/protobuf-java-util/3.19.3/protobuf-java-util-3.19.3.pom to /home/runner/.gradle/.tmp/gradle_download4202126350234545360bin
Downloading https://repo.maven.apache.org/maven2/com/squareup/javapoet/1.10.0/javapoet-1.10.0.pom to /home/runner/.gradle/.tmp/gradle_download10391703918237356865bin
Downloading https://repo.maven.apache.org/maven2/io/grpc/grpc-stub/1.45.1/grpc-stub-1.45.1.pom to /home/runner/.gradle/.tmp/gradle_download12552026783929521516bin
Downloading https://repo.maven.apache.org/maven2/org/apache/httpcomponents/httpmime/4.5.6/httpmime-4.5.6.pom to /home/runner/.gradle/.tmp/gradle_download17989791225283399417bin
Downloading https://repo.maven.apache.org/maven2/com/google/flatbuffers/flatbuffers-java/1.12.0/flatbuffers-java-1.12.0.pom to /home/runner/.gradle/.tmp/gradle_download13645335715059914015bin
Downloading https://repo.maven.apache.org/maven2/io/grpc/grpc-netty/1.45.1/grpc-netty-1.45.1.pom to /home/runner/.gradle/.tmp/gradle_download15340876460302461600bin
Downloading https://repo.maven.apache.org/maven2/commons-io/commons-io/2.4/commons-io-2.4.pom to /home/runner/.gradle/.tmp/gradle_download9298892106634737393bin
Downloading https://repo.maven.apache.org/maven2/org/ow2/asm/asm-commons/9.2/asm-commons-9.2.pom to /home/runner/.gradle/.tmp/gradle_download14573122149777670466bin
Downloading https://repo.maven.apache.org/maven2/com/google/code/gson/gson/2.8.6/gson-2.8.6.pom to /home/runner/.gradle/.tmp/gradle_download5889933013752029282bin
Downloading https://repo.maven.apache.org/maven2/io/grpc/grpc-protobuf/1.45.1/grpc-protobuf-1.45.1.pom to /home/runner/.gradle/.tmp/gradle_download17127270457401943864bin
Downloading https://repo.maven.apache.org/maven2/org/jetbrains/kotlin/kotlin-stdlib-jdk8/1.8.20-RC2/kotlin-stdlib-jdk8-1.8.20-RC2.pom to /home/runner/.gradle/.tmp/gradle_download7419374271951748773bin
Downloading https://repo.maven.apache.org/maven2/org/ow2/asm/asm-analysis/9.2/asm-analysis-9.2.pom to /home/runner/.gradle/.tmp/gradle_download9072987203017197839bin
Downloading https://repo.maven.apache.org/maven2/org/glassfish/jaxb/jaxb-runtime/2.3.2/jaxb-runtime-2.3.2.pom to /home/runner/.gradle/.tmp/gradle_download14840481311828925547bin
Downloading https://dl.google.com/dl/android/maven2/com/android/tools/build/builder-model/8.1.0/builder-model-8.1.0.module to /home/runner/.gradle/.tmp/gradle_download13461687307403396633bin
Resource missing. [HTTP GET: https://dl.google.com/dl/android/maven2/org/ow2/ow2/1.5/ow2-1.5.pom]
Downloading https://repo.maven.apache.org/maven2/net/sf/jopt-simple/jopt-simple/4.9/jopt-simple-4.9.pom to /home/runner/.gradle/.tmp/gradle_download8975811248226922537bin
Resource missing. [HTTP GET: https://dl.google.com/dl/android/maven2/org/sonatype/oss/oss-parent/7/oss-parent-7.pom]
Resource missing. [HTTP GET: https://dl.google.com/dl/android/maven2/com/google/code/gson/gson-parent/2.8.6/gson-parent-2.8.6.pom]
Downloading https://repo.maven.apache.org/maven2/org/ow2/ow2/1.5/ow2-1.5.pom to /home/runner/.gradle/.tmp/gradle_download4526457260784642063bin
Resource missing. [HTTP GET: https://dl.google.com/dl/android/maven2/org/apache/commons/commons-parent/25/commons-parent-25.pom]
Resource missing. [HTTP GET: https://dl.google.com/dl/android/maven2/com/google/protobuf/protobuf-parent/3.19.3/protobuf-parent-3.19.3.pom]
Downloading https://repo.maven.apache.org/maven2/org/ow2/asm/asm-util/9.2/asm-util-9.2.pom to /home/runner/.gradle/.tmp/gradle_download1644417083549957624bin
Downloading https://dl.google.com/dl/android/maven2/com/android/tools/build/gradle-api/8.1.0/gradle-api-8.1.0.module to /home/runner/.gradle/.tmp/gradle_download627913996351304638bin
Downloading https://repo.maven.apache.org/maven2/com/google/code/gson/gson-parent/2.8.6/gson-parent-2.8.6.pom to /home/runner/.gradle/.tmp/gradle_download910594268346603903bin
Resource missing. [HTTP GET: https://dl.google.com/dl/android/maven2/com/sun/xml/bind/mvn/jaxb-runtime-parent/2.3.2/jaxb-runtime-parent-2.3.2.pom]
Downloading https://repo.maven.apache.org/maven2/org/sonatype/oss/oss-parent/7/oss-parent-7.pom to /home/runner/.gradle/.tmp/gradle_download17612885763043244573bin
Resource missing. [HTTP GET: https://dl.google.com/dl/android/maven2/org/apache/httpcomponents/httpcomponents-client/4.5.6/httpcomponents-client-4.5.6.pom]
Downloading https://repo.maven.apache.org/maven2/org/apache/commons/commons-parent/25/commons-parent-25.pom to /home/runner/.gradle/.tmp/gradle_download7325237372819015388bin
Downloading https://repo.maven.apache.org/maven2/com/sun/xml/bind/mvn/jaxb-runtime-parent/2.3.2/jaxb-runtime-parent-2.3.2.pom to /home/runner/.gradle/.tmp/gradle_download9716204585384916967bin
Downloading https://repo.maven.apache.org/maven2/com/google/protobuf/protobuf-parent/3.19.3/protobuf-parent-3.19.3.pom to /home/runner/.gradle/.tmp/gradle_download8221980854700852285bin
Downloading https://repo.maven.apache.org/maven2/org/apache/httpcomponents/httpcomponents-client/4.5.6/httpcomponents-client-4.5.6.pom to /home/runner/.gradle/.tmp/gradle_download1411345146262027940bin
Resource missing. [HTTP GET: https://dl.google.com/dl/android/maven2/org/apache/apache/9/apache-9.pom]
Resource missing. [HTTP GET: https://dl.google.com/dl/android/maven2/com/google/protobuf/protobuf-bom/3.19.3/protobuf-bom-3.19.3.pom]
Resource missing. [HTTP GET: https://dl.google.com/dl/android/maven2/com/sun/xml/bind/mvn/jaxb-parent/2.3.2/jaxb-parent-2.3.2.pom]
Resource missing. [HTTP GET: https://dl.google.com/dl/android/maven2/org/apache/httpcomponents/httpcomponents-parent/10/httpcomponents-parent-10.pom]
Downloading https://repo.maven.apache.org/maven2/org/apache/apache/9/apache-9.pom to /home/runner/.gradle/.tmp/gradle_download14065390142360197550bin
Downloading https://repo.maven.apache.org/maven2/com/sun/xml/bind/mvn/jaxb-parent/2.3.2/jaxb-parent-2.3.2.pom to /home/runner/.gradle/.tmp/gradle_download17175884526592165527bin
Downloading https://repo.maven.apache.org/maven2/com/google/protobuf/protobuf-bom/3.19.3/protobuf-bom-3.19.3.pom to /home/runner/.gradle/.tmp/gradle_download475141703632503908bin
Downloading https://repo.maven.apache.org/maven2/org/apache/httpcomponents/httpcomponents-parent/10/httpcomponents-parent-10.pom to /home/runner/.gradle/.tmp/gradle_download3778073096113679185bin
Resource missing. [HTTP GET: https://dl.google.com/dl/android/maven2/com/sun/xml/bind/jaxb-bom-ext/2.3.2/jaxb-bom-ext-2.3.2.pom]
Resource missing. [HTTP GET: https://dl.google.com/dl/android/maven2/org/apache/apache/18/apache-18.pom]
Downloading https://repo.maven.apache.org/maven2/com/sun/xml/bind/jaxb-bom-ext/2.3.2/jaxb-bom-ext-2.3.2.pom to /home/runner/.gradle/.tmp/gradle_download697321796250326873bin
Downloading https://repo.maven.apache.org/maven2/org/apache/apache/18/apache-18.pom to /home/runner/.gradle/.tmp/gradle_download14157634604428512623bin
Resource missing. [HTTP GET: https://dl.google.com/dl/android/maven2/org/glassfish/jaxb/jaxb-bom/2.3.2/jaxb-bom-2.3.2.pom]
Downloading https://repo.maven.apache.org/maven2/org/glassfish/jaxb/jaxb-bom/2.3.2/jaxb-bom-2.3.2.pom to /home/runner/.gradle/.tmp/gradle_download1788488023200952471bin
Resource missing. [HTTP GET: https://dl.google.com/dl/android/maven2/org/eclipse/ee4j/project/1.0.5/project-1.0.5.pom]
Downloading https://repo.maven.apache.org/maven2/org/eclipse/ee4j/project/1.0.5/project-1.0.5.pom to /home/runner/.gradle/.tmp/gradle_download6524787448622619843bin
Resource missing. [HTTP GET: https://dl.google.com/dl/android/maven2/com/google/code/gson/gson/2.8.9/gson-2.8.9.pom]
Downloading https://repo.maven.apache.org/maven2/com/google/code/gson/gson/2.8.9/gson-2.8.9.pom to /home/runner/.gradle/.tmp/gradle_download971715805189033876bin
Resource missing. [HTTP GET: https://dl.google.com/dl/android/maven2/com/google/code/gson/gson-parent/2.8.9/gson-parent-2.8.9.pom]
Downloading https://repo.maven.apache.org/maven2/com/google/code/gson/gson-parent/2.8.9/gson-parent-2.8.9.pom to /home/runner/.gradle/.tmp/gradle_download6781019127684233582bin
Resource missing. [HTTP GET: https://dl.google.com/dl/android/maven2/com/google/guava/guava/31.1-jre/guava-31.1-jre.pom]
Resource missing. [HTTP GET: https://dl.google.com/dl/android/maven2/xerces/xercesImpl/2.12.0/xercesImpl-2.12.0.pom]
Resource missing. [HTTP GET: https://dl.google.com/dl/android/maven2/net/sf/kxml/kxml2/2.3.0/kxml2-2.3.0.pom]
Resource missing. [HTTP GET: https://dl.google.com/dl/android/maven2/org/jetbrains/intellij/deps/trove4j/1.0.20200330/trove4j-1.0.20200330.pom]
Resource missing. [HTTP GET: https://dl.google.com/dl/android/maven2/org/bouncycastle/bcprov-jdk15on/1.67/bcprov-jdk15on-1.67.pom]
Downloading https://dl.google.com/dl/android/maven2/com/android/tools/common/31.1.0/common-31.1.0.pom to /home/runner/.gradle/.tmp/gradle_download11864622764581598849bin
Resource missing. [HTTP GET: https://dl.google.com/dl/android/maven2/javax/inject/javax.inject/1/javax.inject-1.pom]
Resource missing. [HTTP GET: https://dl.google.com/dl/android/maven2/org/jetbrains/kotlin/kotlin-reflect/1.8.20-RC2/kotlin-reflect-1.8.20-RC2.pom]
Downloading https://repo.maven.apache.org/maven2/xerces/xercesImpl/2.12.0/xercesImpl-2.12.0.pom to /home/runner/.gradle/.tmp/gradle_download15644365926473168345bin
Downloading https://repo.maven.apache.org/maven2/com/google/guava/guava/31.1-jre/guava-31.1-jre.pom to /home/runner/.gradle/.tmp/gradle_download654439384363065983bin
Downloading https://repo.maven.apache.org/maven2/net/sf/kxml/kxml2/2.3.0/kxml2-2.3.0.pom to /home/runner/.gradle/.tmp/gradle_download14863104309184778098bin
Downloading https://repo.maven.apache.org/maven2/org/jetbrains/intellij/deps/trove4j/1.0.20200330/trove4j-1.0.20200330.pom to /home/runner/.gradle/.tmp/gradle_download6030644982777928687bin
Downloading https://repo.maven.apache.org/maven2/org/jetbrains/kotlin/kotlin-reflect/1.8.20-RC2/kotlin-reflect-1.8.20-RC2.pom to /home/runner/.gradle/.tmp/gradle_download11826082216595807392bin
Downloading https://repo.maven.apache.org/maven2/org/bouncycastle/bcprov-jdk15on/1.67/bcprov-jdk15on-1.67.pom to /home/runner/.gradle/.tmp/gradle_download7685208472727845513bin
Resource missing. [HTTP GET: https://dl.google.com/dl/android/maven2/com/google/guava/guava-parent/31.1-jre/guava-parent-31.1-jre.pom]
Downloading https://repo.maven.apache.org/maven2/com/google/guava/guava-parent/31.1-jre/guava-parent-31.1-jre.pom to /home/runner/.gradle/.tmp/gradle_download17697734664579480518bin
Downloading https://repo.maven.apache.org/maven2/javax/inject/javax.inject/1/javax.inject-1.pom to /home/runner/.gradle/.tmp/gradle_download15430954673886714774bin
Resource missing. [HTTP GET: https://dl.google.com/dl/android/maven2/org/apache/httpcomponents/httpcore/4.4.15/httpcore-4.4.15.pom]
Resource missing. [HTTP GET: https://dl.google.com/dl/android/maven2/org/apache/commons/commons-compress/1.21/commons-compress-1.21.pom]
Downloading https://dl.google.com/dl/android/maven2/com/android/tools/dvlib/31.1.0/dvlib-31.1.0.pom to /home/runner/.gradle/.tmp/gradle_download6071726127614950430bin
Downloading https://repo.maven.apache.org/maven2/org/apache/commons/commons-compress/1.21/commons-compress-1.21.pom to /home/runner/.gradle/.tmp/gradle_download17575869101822311161bin
Resource missing. [HTTP GET: https://dl.google.com/dl/android/maven2/org/apache/commons/commons-parent/52/commons-parent-52.pom]
Downloading https://repo.maven.apache.org/maven2/org/apache/httpcomponents/httpcore/4.4.15/httpcore-4.4.15.pom to /home/runner/.gradle/.tmp/gradle_download6317423186561528179bin
Downloading https://repo.maven.apache.org/maven2/org/apache/commons/commons-parent/52/commons-parent-52.pom to /home/runner/.gradle/.tmp/gradle_download13274501406210868638bin
Resource missing. [HTTP GET: https://dl.google.com/dl/android/maven2/org/apache/httpcomponents/httpcomponents-core/4.4.15/httpcomponents-core-4.4.15.pom]
Downloading https://repo.maven.apache.org/maven2/org/apache/httpcomponents/httpcomponents-core/4.4.15/httpcomponents-core-4.4.15.pom to /home/runner/.gradle/.tmp/gradle_download14202849616165990454bin
Resource missing. [HTTP GET: https://dl.google.com/dl/android/maven2/org/apache/apache/23/apache-23.pom]
Downloading https://repo.maven.apache.org/maven2/org/apache/apache/23/apache-23.pom to /home/runner/.gradle/.tmp/gradle_download1510131797848818649bin
Resource missing. [HTTP GET: https://dl.google.com/dl/android/maven2/org/apache/httpcomponents/httpcomponents-parent/11/httpcomponents-parent-11.pom]
Downloading https://repo.maven.apache.org/maven2/org/apache/httpcomponents/httpcomponents-parent/11/httpcomponents-parent-11.pom to /home/runner/.gradle/.tmp/gradle_download9183092731207076047bin
Resource missing. [HTTP GET: https://dl.google.com/dl/android/maven2/org/apache/apache/21/apache-21.pom]
Downloading https://repo.maven.apache.org/maven2/org/apache/apache/21/apache-21.pom to /home/runner/.gradle/.tmp/gradle_download12442661907840579149bin
Resource missing. [HTTP GET: https://dl.google.com/dl/android/maven2/com/google/jimfs/jimfs/1.1/jimfs-1.1.pom]
Resource missing. [HTTP GET: https://dl.google.com/dl/android/maven2/com/sun/activation/javax.activation/1.2.0/javax.activation-1.2.0.pom]
Downloading https://repo.maven.apache.org/maven2/com/google/jimfs/jimfs/1.1/jimfs-1.1.pom to /home/runner/.gradle/.tmp/gradle_download16409467935820031704bin
Downloading https://repo.maven.apache.org/maven2/com/sun/activation/javax.activation/1.2.0/javax.activation-1.2.0.pom to /home/runner/.gradle/.tmp/gradle_download5569334219061448486bin
Resource missing. [HTTP GET: https://dl.google.com/dl/android/maven2/com/google/jimfs/jimfs-parent/1.1/jimfs-parent-1.1.pom]
Resource missing. [HTTP GET: https://dl.google.com/dl/android/maven2/com/sun/activation/all/1.2.0/all-1.2.0.pom]
Downloading https://repo.maven.apache.org/maven2/com/google/jimfs/jimfs-parent/1.1/jimfs-parent-1.1.pom to /home/runner/.gradle/.tmp/gradle_download17670522455263278294bin
Downloading https://repo.maven.apache.org/maven2/com/sun/activation/all/1.2.0/all-1.2.0.pom to /home/runner/.gradle/.tmp/gradle_download11773489559650726388bin
Resource missing. [HTTP GET: https://dl.google.com/dl/android/maven2/net/java/jvnet-parent/1/jvnet-parent-1.pom]
Downloading https://repo.maven.apache.org/maven2/net/java/jvnet-parent/1/jvnet-parent-1.pom to /home/runner/.gradle/.tmp/gradle_download12679864266861689893bin
Resource missing. [HTTP GET: https://dl.google.com/dl/android/maven2/org/jetbrains/annotations/13.0/annotations-13.0.pom]
Downloading https://repo.maven.apache.org/maven2/org/jetbrains/annotations/13.0/annotations-13.0.pom to /home/runner/.gradle/.tmp/gradle_download4576985888672205165bin
Downloading https://dl.google.com/dl/android/maven2/com/android/tools/annotations/31.1.0/annotations-31.1.0.pom to /home/runner/.gradle/.tmp/gradle_download11277645536629146253bin
Resource missing. [HTTP GET: https://dl.google.com/dl/android/maven2/org/apache/httpcomponents/httpclient/4.5.13/httpclient-4.5.13.pom]
Downloading https://repo.maven.apache.org/maven2/org/apache/httpcomponents/httpclient/4.5.13/httpclient-4.5.13.pom to /home/runner/.gradle/.tmp/gradle_download16794853967179110220bin
Resource missing. [HTTP GET: https://dl.google.com/dl/android/maven2/org/apache/httpcomponents/httpcomponents-client/4.5.13/httpcomponents-client-4.5.13.pom]
Downloading https://repo.maven.apache.org/maven2/org/apache/httpcomponents/httpcomponents-client/4.5.13/httpcomponents-client-4.5.13.pom to /home/runner/.gradle/.tmp/gradle_download17930167604297803091bin
Downloading https://dl.google.com/dl/android/maven2/com/android/tools/analytics-library/protos/31.1.0/protos-31.1.0.pom to /home/runner/.gradle/.tmp/gradle_download7156888068395676078bin
Resource missing. [HTTP GET: https://dl.google.com/dl/android/maven2/net/java/dev/jna/jna-platform/5.6.0/jna-platform-5.6.0.pom]
Downloading https://repo.maven.apache.org/maven2/net/java/dev/jna/jna-platform/5.6.0/jna-platform-5.6.0.pom to /home/runner/.gradle/.tmp/gradle_download4016980801553022311bin
Resource missing. [HTTP GET: https://dl.google.com/dl/android/maven2/com/googlecode/juniversalchardet/juniversalchardet/1.0.3/juniversalchardet-1.0.3.pom]
Downloading https://repo.maven.apache.org/maven2/com/googlecode/juniversalchardet/juniversalchardet/1.0.3/juniversalchardet-1.0.3.pom to /home/runner/.gradle/.tmp/gradle_download909512253000952847bin
Resource missing. [HTTP GET: https://dl.google.com/dl/android/maven2/javax/annotation/javax.annotation-api/1.3.2/javax.annotation-api-1.3.2.pom]
Downloading https://repo.maven.apache.org/maven2/javax/annotation/javax.annotation-api/1.3.2/javax.annotation-api-1.3.2.pom to /home/runner/.gradle/.tmp/gradle_download9613510267488043597bin
Resource missing. [HTTP GET: https://dl.google.com/dl/android/maven2/net/java/jvnet-parent/3/jvnet-parent-3.pom]
Downloading https://repo.maven.apache.org/maven2/net/java/jvnet-parent/3/jvnet-parent-3.pom to /home/runner/.gradle/.tmp/gradle_download16705302742846644576bin
Resource missing. [HTTP GET: https://dl.google.com/dl/android/maven2/org/jetbrains/kotlin/kotlin-stdlib-jdk7/1.8.20-RC2/kotlin-stdlib-jdk7-1.8.20-RC2.pom]
Resource missing. [HTTP GET: https://dl.google.com/dl/android/maven2/org/jetbrains/kotlin/kotlin-stdlib/1.8.20-RC2/kotlin-stdlib-1.8.20-RC2.pom]
Downloading https://repo.maven.apache.org/maven2/org/jetbrains/kotlin/kotlin-stdlib/1.8.20-RC2/kotlin-stdlib-1.8.20-RC2.pom to /home/runner/.gradle/.tmp/gradle_download1466241352771625349bin
Downloading https://repo.maven.apache.org/maven2/org/jetbrains/kotlin/kotlin-stdlib-jdk7/1.8.20-RC2/kotlin-stdlib-jdk7-1.8.20-RC2.pom to /home/runner/.gradle/.tmp/gradle_download11510480529865707181bin
Resource missing. [HTTP GET: https://dl.google.com/dl/android/maven2/org/ow2/asm/asm-tree/9.2/asm-tree-9.2.pom]
Downloading https://repo.maven.apache.org/maven2/org/ow2/asm/asm-tree/9.2/asm-tree-9.2.pom to /home/runner/.gradle/.tmp/gradle_download673326449487425625bin
Resource missing. [HTTP GET: https://dl.google.com/dl/android/maven2/com/sun/istack/istack-commons-runtime/3.0.8/istack-commons-runtime-3.0.8.pom]
Resource missing. [HTTP GET: https://dl.google.com/dl/android/maven2/org/glassfish/jaxb/txw2/2.3.2/txw2-2.3.2.pom]
Resource missing. [HTTP GET: https://dl.google.com/dl/android/maven2/jakarta/xml/bind/jakarta.xml.bind-api/2.3.2/jakarta.xml.bind-api-2.3.2.pom]
Resource missing. [HTTP GET: https://dl.google.com/dl/android/maven2/com/sun/xml/fastinfoset/FastInfoset/1.2.16/FastInfoset-1.2.16.pom]
Resource missing. [HTTP GET: https://dl.google.com/dl/android/maven2/org/jvnet/staxex/stax-ex/1.8.1/stax-ex-1.8.1.pom]
Resource missing. [HTTP GET: https://dl.google.com/dl/android/maven2/jakarta/activation/jakarta.activation-api/1.2.1/jakarta.activation-api-1.2.1.pom]
Downloading https://repo.maven.apache.org/maven2/com/sun/istack/istack-commons-runtime/3.0.8/istack-commons-runtime-3.0.8.pom to /home/runner/.gradle/.tmp/gradle_download17629136135755303683bin
Downloading https://repo.maven.apache.org/maven2/org/jvnet/staxex/stax-ex/1.8.1/stax-ex-1.8.1.pom to /home/runner/.gradle/.tmp/gradle_download8780784630774873144bin
Downloading https://repo.maven.apache.org/maven2/com/sun/xml/fastinfoset/FastInfoset/1.2.16/FastInfoset-1.2.16.pom to /home/runner/.gradle/.tmp/gradle_download13783511311459168944bin
Downloading https://repo.maven.apache.org/maven2/org/glassfish/jaxb/txw2/2.3.2/txw2-2.3.2.pom to /home/runner/.gradle/.tmp/gradle_download11487039732805570394bin
Downloading https://repo.maven.apache.org/maven2/jakarta/xml/bind/jakarta.xml.bind-api/2.3.2/jakarta.xml.bind-api-2.3.2.pom to /home/runner/.gradle/.tmp/gradle_download1552592433696228660bin
Downloading https://repo.maven.apache.org/maven2/jakarta/activation/jakarta.activation-api/1.2.1/jakarta.activation-api-1.2.1.pom to /home/runner/.gradle/.tmp/gradle_download15829278552907415297bin
Resource missing. [HTTP GET: https://dl.google.com/dl/android/maven2/com/sun/istack/istack-commons/3.0.8/istack-commons-3.0.8.pom]
Resource missing. [HTTP GET: https://dl.google.com/dl/android/maven2/com/sun/xml/fastinfoset/fastinfoset-project/1.2.16/fastinfoset-project-1.2.16.pom]
Resource missing. [HTTP GET: https://dl.google.com/dl/android/maven2/com/sun/xml/bind/mvn/jaxb-txw-parent/2.3.2/jaxb-txw-parent-2.3.2.pom]
Resource missing. [HTTP GET: https://dl.google.com/dl/android/maven2/jakarta/xml/bind/jakarta.xml.bind-api-parent/2.3.2/jakarta.xml.bind-api-parent-2.3.2.pom]
Resource missing. [HTTP GET: https://dl.google.com/dl/android/maven2/com/sun/activation/all/1.2.1/all-1.2.1.pom]
Downloading https://repo.maven.apache.org/maven2/com/sun/istack/istack-commons/3.0.8/istack-commons-3.0.8.pom to /home/runner/.gradle/.tmp/gradle_download1548549046348009828bin
Downloading https://repo.maven.apache.org/maven2/com/sun/xml/fastinfoset/fastinfoset-project/1.2.16/fastinfoset-project-1.2.16.pom to /home/runner/.gradle/.tmp/gradle_download720655843252953721bin
Downloading https://repo.maven.apache.org/maven2/jakarta/xml/bind/jakarta.xml.bind-api-parent/2.3.2/jakarta.xml.bind-api-parent-2.3.2.pom to /home/runner/.gradle/.tmp/gradle_download5693621400800690605bin
Downloading https://repo.maven.apache.org/maven2/com/sun/activation/all/1.2.1/all-1.2.1.pom to /home/runner/.gradle/.tmp/gradle_download2935108612972356400bin
Downloading https://repo.maven.apache.org/maven2/com/sun/xml/bind/mvn/jaxb-txw-parent/2.3.2/jaxb-txw-parent-2.3.2.pom to /home/runner/.gradle/.tmp/gradle_download13163783793385568614bin
Resource missing. [HTTP GET: https://dl.google.com/dl/android/maven2/org/eclipse/ee4j/project/1.0.2/project-1.0.2.pom]
Downloading https://repo.maven.apache.org/maven2/org/eclipse/ee4j/project/1.0.2/project-1.0.2.pom to /home/runner/.gradle/.tmp/gradle_download4615898187598815975bin
Resource missing. [HTTP GET: https://dl.google.com/dl/android/maven2/com/google/errorprone/error_prone_annotations/2.3.1/error_prone_annotations-2.3.1.pom]
Resource missing. [HTTP GET: https://dl.google.com/dl/android/maven2/com/google/auto/value/auto-value-annotations/1.6.2/auto-value-annotations-1.6.2.pom]
Resource missing. [HTTP GET: https://dl.google.com/dl/android/maven2/com/google/dagger/dagger/2.28.3/dagger-2.28.3.pom]
Resource missing. [HTTP GET: https://dl.google.com/dl/android/maven2/org/bitbucket/b_c/jose4j/0.7.0/jose4j-0.7.0.pom]
Resource missing. [HTTP GET: https://dl.google.com/dl/android/maven2/org/slf4j/slf4j-api/1.7.30/slf4j-api-1.7.30.pom]
Downloading https://repo.maven.apache.org/maven2/com/google/auto/value/auto-value-annotations/1.6.2/auto-value-annotations-1.6.2.pom to /home/runner/.gradle/.tmp/gradle_download17581020225656251923bin
Downloading https://repo.maven.apache.org/maven2/com/google/errorprone/error_prone_annotations/2.3.1/error_prone_annotations-2.3.1.pom to /home/runner/.gradle/.tmp/gradle_download17420030268920753798bin
Downloading https://repo.maven.apache.org/maven2/com/google/dagger/dagger/2.28.3/dagger-2.28.3.pom to /home/runner/.gradle/.tmp/gradle_download16869916273733804028bin
Downloading https://repo.maven.apache.org/maven2/org/slf4j/slf4j-api/1.7.30/slf4j-api-1.7.30.pom to /home/runner/.gradle/.tmp/gradle_download833664191533178975bin
Downloading https://repo.maven.apache.org/maven2/org/bitbucket/b_c/jose4j/0.7.0/jose4j-0.7.0.pom to /home/runner/.gradle/.tmp/gradle_download17165000699081754517bin
Resource missing. [HTTP GET: https://dl.google.com/dl/android/maven2/com/google/auto/value/auto-value-parent/1.6.2/auto-value-parent-1.6.2.pom]
Resource missing. [HTTP GET: https://dl.google.com/dl/android/maven2/com/google/errorprone/error_prone_parent/2.3.1/error_prone_parent-2.3.1.pom]
Resource missing. [HTTP GET: https://dl.google.com/dl/android/maven2/org/slf4j/slf4j-parent/1.7.30/slf4j-parent-1.7.30.pom]
Downloading https://repo.maven.apache.org/maven2/com/google/errorprone/error_prone_parent/2.3.1/error_prone_parent-2.3.1.pom to /home/runner/.gradle/.tmp/gradle_download3628714135542905725bin
Downloading https://repo.maven.apache.org/maven2/com/google/auto/value/auto-value-parent/1.6.2/auto-value-parent-1.6.2.pom to /home/runner/.gradle/.tmp/gradle_download275324901880231087bin
Downloading https://repo.maven.apache.org/maven2/org/slf4j/slf4j-parent/1.7.30/slf4j-parent-1.7.30.pom to /home/runner/.gradle/.tmp/gradle_download7705293118663539268bin
Resource missing. [HTTP GET: https://dl.google.com/dl/android/maven2/com/google/auto/auto-parent/6/auto-parent-6.pom]
Downloading https://repo.maven.apache.org/maven2/com/google/auto/auto-parent/6/auto-parent-6.pom to /home/runner/.gradle/.tmp/gradle_download12539632822009098040bin
Resource missing. [HTTP GET: https://dl.google.com/dl/android/maven2/org/jdom/jdom2/2.0.6/jdom2-2.0.6.pom]
Downloading https://repo.maven.apache.org/maven2/org/jdom/jdom2/2.0.6/jdom2-2.0.6.pom to /home/runner/.gradle/.tmp/gradle_download13512350290228473225bin
Resource missing. [HTTP GET: https://dl.google.com/dl/android/maven2/com/google/errorprone/error_prone_annotations/2.5.1/error_prone_annotations-2.5.1.pom]
Downloading https://repo.maven.apache.org/maven2/com/google/errorprone/error_prone_annotations/2.5.1/error_prone_annotations-2.5.1.pom to /home/runner/.gradle/.tmp/gradle_download8165686012269581659bin
Resource missing. [HTTP GET: https://dl.google.com/dl/android/maven2/com/google/errorprone/error_prone_parent/2.5.1/error_prone_parent-2.5.1.pom]
Downloading https://repo.maven.apache.org/maven2/com/google/errorprone/error_prone_parent/2.5.1/error_prone_parent-2.5.1.pom to /home/runner/.gradle/.tmp/gradle_download6376715550183071431bin
Resource missing. [HTTP GET: https://dl.google.com/dl/android/maven2/com/google/code/findbugs/jsr305/3.0.2/jsr305-3.0.2.pom]
Resource missing. [HTTP GET: https://dl.google.com/dl/android/maven2/com/google/j2objc/j2objc-annotations/1.3/j2objc-annotations-1.3.pom]
Downloading https://repo.maven.apache.org/maven2/com/google/code/findbugs/jsr305/3.0.2/jsr305-3.0.2.pom to /home/runner/.gradle/.tmp/gradle_download2872168752256429621bin
Downloading https://repo.maven.apache.org/maven2/com/google/j2objc/j2objc-annotations/1.3/j2objc-annotations-1.3.pom to /home/runner/.gradle/.tmp/gradle_download12241903769562476438bin
Resource missing. [HTTP GET: https://dl.google.com/dl/android/maven2/com/google/errorprone/error_prone_annotations/2.10.0/error_prone_annotations-2.10.0.pom]
Downloading https://repo.maven.apache.org/maven2/com/google/errorprone/error_prone_annotations/2.10.0/error_prone_annotations-2.10.0.pom to /home/runner/.gradle/.tmp/gradle_download15848667077110767764bin
Resource missing. [HTTP GET: https://dl.google.com/dl/android/maven2/com/google/errorprone/error_prone_parent/2.10.0/error_prone_parent-2.10.0.pom]
Downloading https://repo.maven.apache.org/maven2/com/google/errorprone/error_prone_parent/2.10.0/error_prone_parent-2.10.0.pom to /home/runner/.gradle/.tmp/gradle_download15800594364962509994bin
Resource missing. [HTTP GET: https://dl.google.com/dl/android/maven2/io/grpc/grpc-api/1.45.1/grpc-api-1.45.1.pom]
Resource missing. [HTTP GET: https://dl.google.com/dl/android/maven2/org/codehaus/mojo/animal-sniffer-annotations/1.19/animal-sniffer-annotations-1.19.pom]
Resource missing. [HTTP GET: https://dl.google.com/dl/android/maven2/io/perfmark/perfmark-api/0.23.0/perfmark-api-0.23.0.pom]
Resource missing. [HTTP GET: https://dl.google.com/dl/android/maven2/com/google/android/annotations/4.1.1.4/annotations-4.1.1.4.pom]
Downloading https://repo.maven.apache.org/maven2/com/google/android/annotations/4.1.1.4/annotations-4.1.1.4.pom to /home/runner/.gradle/.tmp/gradle_download14433176987701475339bin
Downloading https://repo.maven.apache.org/maven2/io/grpc/grpc-api/1.45.1/grpc-api-1.45.1.pom to /home/runner/.gradle/.tmp/gradle_download6525723896258043708bin
Downloading https://repo.maven.apache.org/maven2/org/codehaus/mojo/animal-sniffer-annotations/1.19/animal-sniffer-annotations-1.19.pom to /home/runner/.gradle/.tmp/gradle_download5949918005443469008bin
Downloading https://repo.maven.apache.org/maven2/io/perfmark/perfmark-api/0.23.0/perfmark-api-0.23.0.pom to /home/runner/.gradle/.tmp/gradle_download10199787533730105295bin
Downloading https://repo.maven.apache.org/maven2/io/perfmark/perfmark-api/0.23.0/perfmark-api-0.23.0.module to /home/runner/.gradle/.tmp/gradle_download17920202625998204876bin
Resource missing. [HTTP GET: https://dl.google.com/dl/android/maven2/org/codehaus/mojo/animal-sniffer-parent/1.19/animal-sniffer-parent-1.19.pom]
Downloading https://repo.maven.apache.org/maven2/org/codehaus/mojo/animal-sniffer-parent/1.19/animal-sniffer-parent-1.19.pom to /home/runner/.gradle/.tmp/gradle_download12886716766046136267bin
Resource missing. [HTTP GET: https://dl.google.com/dl/android/maven2/org/codehaus/mojo/mojo-parent/50/mojo-parent-50.pom]
Downloading https://repo.maven.apache.org/maven2/org/codehaus/mojo/mojo-parent/50/mojo-parent-50.pom to /home/runner/.gradle/.tmp/gradle_download13419587305378416971bin
Resource missing. [HTTP GET: https://dl.google.com/dl/android/maven2/io/netty/netty-handler-proxy/4.1.72.Final/netty-handler-proxy-4.1.72.Final.pom]
Resource missing. [HTTP GET: https://dl.google.com/dl/android/maven2/io/netty/netty-codec-http2/4.1.72.Final/netty-codec-http2-4.1.72.Final.pom]
Downloading https://repo.maven.apache.org/maven2/io/netty/netty-handler-proxy/4.1.72.Final/netty-handler-proxy-4.1.72.Final.pom to /home/runner/.gradle/.tmp/gradle_download15565817525523270091bin
Downloading https://repo.maven.apache.org/maven2/io/netty/netty-codec-http2/4.1.72.Final/netty-codec-http2-4.1.72.Final.pom to /home/runner/.gradle/.tmp/gradle_download17231017598763074592bin
Resource missing. [HTTP GET: https://dl.google.com/dl/android/maven2/io/netty/netty-parent/4.1.72.Final/netty-parent-4.1.72.Final.pom]
Downloading https://repo.maven.apache.org/maven2/io/netty/netty-parent/4.1.72.Final/netty-parent-4.1.72.Final.pom to /home/runner/.gradle/.tmp/gradle_download5544556299356169146bin
Resource missing. [HTTP GET: https://dl.google.com/dl/android/maven2/org/sonatype/oss/oss-parent/9/oss-parent-9.pom]
Downloading https://repo.maven.apache.org/maven2/org/sonatype/oss/oss-parent/9/oss-parent-9.pom to /home/runner/.gradle/.tmp/gradle_download9868385411664581707bin
Resource missing. [HTTP GET: https://dl.google.com/dl/android/maven2/com/google/api/grpc/proto-google-common-protos/2.0.1/proto-google-common-protos-2.0.1.pom]
Resource missing. [HTTP GET: https://dl.google.com/dl/android/maven2/io/grpc/grpc-protobuf-lite/1.45.1/grpc-protobuf-lite-1.45.1.pom]
Downloading https://repo.maven.apache.org/maven2/io/grpc/grpc-protobuf-lite/1.45.1/grpc-protobuf-lite-1.45.1.pom to /home/runner/.gradle/.tmp/gradle_download3673140222966390250bin
Downloading https://repo.maven.apache.org/maven2/com/google/api/grpc/proto-google-common-protos/2.0.1/proto-google-common-protos-2.0.1.pom to /home/runner/.gradle/.tmp/gradle_download11163128935974871860bin
Resource missing. [HTTP GET: https://dl.google.com/dl/android/maven2/org/checkerframework/checker-qual/2.5.8/checker-qual-2.5.8.pom]
Downloading https://repo.maven.apache.org/maven2/org/checkerframework/checker-qual/2.5.8/checker-qual-2.5.8.pom to /home/runner/.gradle/.tmp/gradle_download5564252215251109499bin
Downloading https://dl.google.com/dl/android/maven2/com/android/tools/analytics-library/tracker/31.1.0/tracker-31.1.0.pom to /home/runner/.gradle/.tmp/gradle_download9437601031426349480bin
Downloading https://dl.google.com/dl/android/maven2/com/android/tools/build/apksig/8.1.0/apksig-8.1.0.pom to /home/runner/.gradle/.tmp/gradle_download9162713047536161825bin
Downloading https://dl.google.com/dl/android/maven2/com/android/tools/build/apkzlib/8.1.0/apkzlib-8.1.0.pom to /home/runner/.gradle/.tmp/gradle_download6192488630578530175bin
Downloading https://dl.google.com/dl/android/maven2/com/android/zipflinger/8.1.0/zipflinger-8.1.0.pom to /home/runner/.gradle/.tmp/gradle_download14296639159249608609bin
Downloading https://dl.google.com/dl/android/maven2/com/android/tools/build/manifest-merger/31.1.0/manifest-merger-31.1.0.pom to /home/runner/.gradle/.tmp/gradle_download9149215220081113900bin
Resource missing. [HTTP GET: https://dl.google.com/dl/android/maven2/com/squareup/javawriter/2.5.0/javawriter-2.5.0.pom]
Resource missing. [HTTP GET: https://dl.google.com/dl/android/maven2/commons-codec/commons-codec/1.10/commons-codec-1.10.pom]
Downloading https://dl.google.com/dl/android/maven2/com/android/signflinger/8.1.0/signflinger-8.1.0.pom to /home/runner/.gradle/.tmp/gradle_download1206388138333311132bin
Downloading https://repo.maven.apache.org/maven2/com/squareup/javawriter/2.5.0/javawriter-2.5.0.pom to /home/runner/.gradle/.tmp/gradle_download12370021543849375499bin
Downloading https://repo.maven.apache.org/maven2/commons-codec/commons-codec/1.10/commons-codec-1.10.pom to /home/runner/.gradle/.tmp/gradle_download13467253578030798547bin
Downloading https://dl.google.com/dl/android/maven2/com/android/tools/build/manifest-merger/31.1.0/manifest-merger-31.1.0.module to /home/runner/.gradle/.tmp/gradle_download2331625953985273994bin
Resource missing. [HTTP GET: https://dl.google.com/dl/android/maven2/org/apache/commons/commons-parent/35/commons-parent-35.pom]
Downloading https://repo.maven.apache.org/maven2/org/apache/commons/commons-parent/35/commons-parent-35.pom to /home/runner/.gradle/.tmp/gradle_download14612261761857141719bin
Resource missing. [HTTP GET: https://dl.google.com/dl/android/maven2/org/apache/apache/15/apache-15.pom]
Downloading https://repo.maven.apache.org/maven2/org/apache/apache/15/apache-15.pom to /home/runner/.gradle/.tmp/gradle_download1185879290784138897bin
Resource missing. [HTTP GET: https://dl.google.com/dl/android/maven2/org/checkerframework/checker-qual/3.12.0/checker-qual-3.12.0.pom]
Downloading https://repo.maven.apache.org/maven2/org/checkerframework/checker-qual/3.12.0/checker-qual-3.12.0.pom to /home/runner/.gradle/.tmp/gradle_download5054768693232628818bin
Downloading https://repo.maven.apache.org/maven2/org/checkerframework/checker-qual/3.12.0/checker-qual-3.12.0.module to /home/runner/.gradle/.tmp/gradle_download857478604919072867bin
Resource missing. [HTTP GET: https://dl.google.com/dl/android/maven2/com/google/errorprone/error_prone_annotations/2.11.0/error_prone_annotations-2.11.0.pom]
Downloading https://repo.maven.apache.org/maven2/com/google/errorprone/error_prone_annotations/2.11.0/error_prone_annotations-2.11.0.pom to /home/runner/.gradle/.tmp/gradle_download14370254952567103258bin
Resource missing. [HTTP GET: https://dl.google.com/dl/android/maven2/com/google/errorprone/error_prone_parent/2.11.0/error_prone_parent-2.11.0.pom]
Downloading https://repo.maven.apache.org/maven2/com/google/errorprone/error_prone_parent/2.11.0/error_prone_parent-2.11.0.pom to /home/runner/.gradle/.tmp/gradle_download14291407610781978082bin
Resource missing. [HTTP GET: https://dl.google.com/dl/android/maven2/com/google/guava/failureaccess/1.0.1/failureaccess-1.0.1.pom]
Resource missing. [HTTP GET: https://dl.google.com/dl/android/maven2/com/google/guava/listenablefuture/9999.0-empty-to-avoid-conflict-with-guava/listenablefuture-9999.0-empty-to-avoid-conflict-with-guava.pom]
Downloading https://repo.maven.apache.org/maven2/com/google/guava/failureaccess/1.0.1/failureaccess-1.0.1.pom to /home/runner/.gradle/.tmp/gradle_download11973525018877069243bin
Downloading https://repo.maven.apache.org/maven2/com/google/guava/listenablefuture/9999.0-empty-to-avoid-conflict-with-guava/listenablefuture-9999.0-empty-to-avoid-conflict-with-guava.pom to /home/runner/.gradle/.tmp/gradle_download3693260631758499054bin
Resource missing. [HTTP GET: https://dl.google.com/dl/android/maven2/com/google/guava/guava-parent/26.0-android/guava-parent-26.0-android.pom]
Downloading https://repo.maven.apache.org/maven2/com/google/guava/guava-parent/26.0-android/guava-parent-26.0-android.pom to /home/runner/.gradle/.tmp/gradle_download4992006776107580994bin
Resource missing. [HTTP GET: https://dl.google.com/dl/android/maven2/xml-apis/xml-apis/1.4.01/xml-apis-1.4.01.pom]
Downloading https://repo.maven.apache.org/maven2/xml-apis/xml-apis/1.4.01/xml-apis-1.4.01.pom to /home/runner/.gradle/.tmp/gradle_download15852545354310109436bin
Resource missing. [HTTP GET: https://dl.google.com/dl/android/maven2/commons-codec/commons-codec/1.11/commons-codec-1.11.pom]
Downloading https://repo.maven.apache.org/maven2/commons-codec/commons-codec/1.11/commons-codec-1.11.pom to /home/runner/.gradle/.tmp/gradle_download12784290216807696251bin
Resource missing. [HTTP GET: https://dl.google.com/dl/android/maven2/org/apache/commons/commons-parent/42/commons-parent-42.pom]
Downloading https://repo.maven.apache.org/maven2/org/apache/commons/commons-parent/42/commons-parent-42.pom to /home/runner/.gradle/.tmp/gradle_download7238618791175060719bin
Resource missing. [HTTP GET: https://dl.google.com/dl/android/maven2/commons-logging/commons-logging/1.2/commons-logging-1.2.pom]
Downloading https://repo.maven.apache.org/maven2/commons-logging/commons-logging/1.2/commons-logging-1.2.pom to /home/runner/.gradle/.tmp/gradle_download14819893888499121115bin
Resource missing. [HTTP GET: https://dl.google.com/dl/android/maven2/org/apache/commons/commons-parent/34/commons-parent-34.pom]
Downloading https://repo.maven.apache.org/maven2/org/apache/commons/commons-parent/34/commons-parent-34.pom to /home/runner/.gradle/.tmp/gradle_download4086701625350148108bin
Resource missing. [HTTP GET: https://dl.google.com/dl/android/maven2/org/apache/apache/13/apache-13.pom]
Downloading https://repo.maven.apache.org/maven2/org/apache/apache/13/apache-13.pom to /home/runner/.gradle/.tmp/gradle_download14713263279236577974bin
Resource missing. [HTTP GET: https://dl.google.com/dl/android/maven2/net/java/dev/jna/jna/5.6.0/jna-5.6.0.pom]
Downloading https://repo.maven.apache.org/maven2/net/java/dev/jna/jna/5.6.0/jna-5.6.0.pom to /home/runner/.gradle/.tmp/gradle_download3195579187088815101bin
Resource missing. [HTTP GET: https://dl.google.com/dl/android/maven2/org/jetbrains/kotlin/kotlin-stdlib-common/1.8.20-RC2/kotlin-stdlib-common-1.8.20-RC2.pom]
Downloading https://repo.maven.apache.org/maven2/org/jetbrains/kotlin/kotlin-stdlib-common/1.8.20-RC2/kotlin-stdlib-common-1.8.20-RC2.pom to /home/runner/.gradle/.tmp/gradle_download1652596035657186947bin
Resource missing. [HTTP GET: https://dl.google.com/dl/android/maven2/io/grpc/grpc-context/1.45.1/grpc-context-1.45.1.pom]
Downloading https://repo.maven.apache.org/maven2/io/grpc/grpc-context/1.45.1/grpc-context-1.45.1.pom to /home/runner/.gradle/.tmp/gradle_download18163723873731647170bin
Resource missing. [HTTP GET: https://dl.google.com/dl/android/maven2/io/netty/netty-codec/4.1.72.Final/netty-codec-4.1.72.Final.pom]
Resource missing. [HTTP GET: https://dl.google.com/dl/android/maven2/io/netty/netty-transport/4.1.72.Final/netty-transport-4.1.72.Final.pom]
Resource missing. [HTTP GET: https://dl.google.com/dl/android/maven2/io/netty/netty-codec-http/4.1.72.Final/netty-codec-http-4.1.72.Final.pom]
Resource missing. [HTTP GET: https://dl.google.com/dl/android/maven2/io/netty/netty-handler/4.1.72.Final/netty-handler-4.1.72.Final.pom]
Resource missing. [HTTP GET: https://dl.google.com/dl/android/maven2/io/netty/netty-common/4.1.72.Final/netty-common-4.1.72.Final.pom]
Resource missing. [HTTP GET: https://dl.google.com/dl/android/maven2/io/netty/netty-buffer/4.1.72.Final/netty-buffer-4.1.72.Final.pom]
Downloading https://repo.maven.apache.org/maven2/io/netty/netty-common/4.1.72.Final/netty-common-4.1.72.Final.pom to /home/runner/.gradle/.tmp/gradle_download16517999416687667543bin
Downloading https://repo.maven.apache.org/maven2/io/netty/netty-buffer/4.1.72.Final/netty-buffer-4.1.72.Final.pom to /home/runner/.gradle/.tmp/gradle_download13973851905304287921bin
Downloading https://repo.maven.apache.org/maven2/io/netty/netty-transport/4.1.72.Final/netty-transport-4.1.72.Final.pom to /home/runner/.gradle/.tmp/gradle_download15373989673565050728bin
Downloading https://repo.maven.apache.org/maven2/io/netty/netty-codec/4.1.72.Final/netty-codec-4.1.72.Final.pom to /home/runner/.gradle/.tmp/gradle_download16574541470847483428bin
Downloading https://repo.maven.apache.org/maven2/io/netty/netty-handler/4.1.72.Final/netty-handler-4.1.72.Final.pom to /home/runner/.gradle/.tmp/gradle_download10618933966001996731bin
Downloading https://repo.maven.apache.org/maven2/io/netty/netty-codec-http/4.1.72.Final/netty-codec-http-4.1.72.Final.pom to /home/runner/.gradle/.tmp/gradle_download13226947239031791150bin
Resource missing. [HTTP GET: https://dl.google.com/dl/android/maven2/io/netty/netty-codec-socks/4.1.72.Final/netty-codec-socks-4.1.72.Final.pom]
Downloading https://repo.maven.apache.org/maven2/io/netty/netty-codec-socks/4.1.72.Final/netty-codec-socks-4.1.72.Final.pom to /home/runner/.gradle/.tmp/gradle_download12649490366242712817bin
Resource missing. [HTTP GET: https://dl.google.com/dl/android/maven2/io/netty/netty-resolver/4.1.72.Final/netty-resolver-4.1.72.Final.pom]
Downloading https://repo.maven.apache.org/maven2/io/netty/netty-resolver/4.1.72.Final/netty-resolver-4.1.72.Final.pom to /home/runner/.gradle/.tmp/gradle_download11630875259622555345bin
Resource missing. [HTTP GET: https://dl.google.com/dl/android/maven2/io/netty/netty-tcnative-classes/2.0.46.Final/netty-tcnative-classes-2.0.46.Final.pom]
Downloading https://repo.maven.apache.org/maven2/io/netty/netty-tcnative-classes/2.0.46.Final/netty-tcnative-classes-2.0.46.Final.pom to /home/runner/.gradle/.tmp/gradle_download4543589833459479051bin
Resource missing. [HTTP GET: https://dl.google.com/dl/android/maven2/io/netty/netty-tcnative-parent/2.0.46.Final/netty-tcnative-parent-2.0.46.Final.pom]
Downloading https://repo.maven.apache.org/maven2/io/netty/netty-tcnative-parent/2.0.46.Final/netty-tcnative-parent-2.0.46.Final.pom to /home/runner/.gradle/.tmp/gradle_download9023052989132049864bin
Downloading https://dl.google.com/dl/android/maven2/com/android/tools/lint/lint-model/31.1.0/lint-model-31.1.0.jar to /home/runner/.gradle/.tmp/gradle_download15750626009850854179bin
Downloading https://dl.google.com/dl/android/maven2/com/android/tools/build/gradle-settings-api/8.1.0/gradle-settings-api-8.1.0.jar to /home/runner/.gradle/.tmp/gradle_download15612321704112297998bin
Downloading https://dl.google.com/dl/android/maven2/com/android/tools/build/builder/8.1.0/builder-8.1.0.jar to /home/runner/.gradle/.tmp/gradle_download6997944742579322993bin
Downloading https://dl.google.com/dl/android/maven2/com/android/tools/sdk-common/31.1.0/sdk-common-31.1.0.jar to /home/runner/.gradle/.tmp/gradle_download18336967331799420232bin
Downloading https://dl.google.com/dl/android/maven2/com/android/tools/build/gradle/8.1.0/gradle-8.1.0.jar to /home/runner/.gradle/.tmp/gradle_download1915053012265542610bin
Downloading https://dl.google.com/dl/android/maven2/com/android/tools/build/manifest-merger/31.1.0/manifest-merger-31.1.0.jar to /home/runner/.gradle/.tmp/gradle_download7263257137736126504bin
Downloading https://dl.google.com/dl/android/maven2/com/android/tools/sdklib/31.1.0/sdklib-31.1.0.jar to /home/runner/.gradle/.tmp/gradle_download9189988980773890653bin
Downloading https://dl.google.com/dl/android/maven2/com/android/tools/repository/31.1.0/repository-31.1.0.jar to /home/runner/.gradle/.tmp/gradle_download16228872265093611885bin
Downloading https://dl.google.com/dl/android/maven2/com/android/tools/build/gradle-api/8.1.0/gradle-api-8.1.0.jar to /home/runner/.gradle/.tmp/gradle_download23869067800810840bin
Downloading https://dl.google.com/dl/android/maven2/com/android/tools/build/builder-test-api/8.1.0/builder-test-api-8.1.0.jar to /home/runner/.gradle/.tmp/gradle_download6611872502186049088bin
Downloading https://dl.google.com/dl/android/maven2/com/android/tools/ddms/ddmlib/31.1.0/ddmlib-31.1.0.jar to /home/runner/.gradle/.tmp/gradle_download11612882564916629856bin
Downloading https://dl.google.com/dl/android/maven2/com/android/tools/build/aaptcompiler/8.1.0/aaptcompiler-8.1.0.jar to /home/runner/.gradle/.tmp/gradle_download11841761170904533849bin
Downloading https://dl.google.com/dl/android/maven2/com/android/tools/build/bundletool/1.14.0/bundletool-1.14.0.jar to /home/runner/.gradle/.tmp/gradle_download12582191672010590865bin
Downloading https://dl.google.com/dl/android/maven2/com/android/tools/build/aapt2-proto/8.1.0-10154469/aapt2-proto-8.1.0-10154469.jar to /home/runner/.gradle/.tmp/gradle_download16356074305833903181bin
Downloading https://dl.google.com/dl/android/maven2/com/android/tools/analytics-library/crash/31.1.0/crash-31.1.0.jar to /home/runner/.gradle/.tmp/gradle_download13681558438794995288bin
Downloading https://dl.google.com/dl/android/maven2/com/android/tools/analytics-library/tracker/31.1.0/tracker-31.1.0.jar to /home/runner/.gradle/.tmp/gradle_download6671363799674541700bin
Downloading https://dl.google.com/dl/android/maven2/com/android/tools/analytics-library/shared/31.1.0/shared-31.1.0.jar to /home/runner/.gradle/.tmp/gradle_download3087643942333538140bin
Downloading https://dl.google.com/dl/android/maven2/com/android/tools/lint/lint-typedef-remover/31.1.0/lint-typedef-remover-31.1.0.jar to /home/runner/.gradle/.tmp/gradle_download14417480828174420054bin
Downloading https://dl.google.com/dl/android/maven2/androidx/databinding/databinding-compiler-common/8.1.0/databinding-compiler-common-8.1.0.jar to /home/runner/.gradle/.tmp/gradle_download9536411779551252866bin
Downloading https://dl.google.com/dl/android/maven2/androidx/databinding/databinding-common/8.1.0/databinding-common-8.1.0.jar to /home/runner/.gradle/.tmp/gradle_download2558556126524121628bin
Downloading https://dl.google.com/dl/android/maven2/com/android/databinding/baseLibrary/8.1.0/baseLibrary-8.1.0.jar to /home/runner/.gradle/.tmp/gradle_download6629296026590455059bin
Downloading https://dl.google.com/dl/android/maven2/com/android/tools/layoutlib/layoutlib-api/31.1.0/layoutlib-api-31.1.0.jar to /home/runner/.gradle/.tmp/gradle_download1295701165160760931bin
Downloading https://dl.google.com/dl/android/maven2/com/android/tools/utp/android-device-provider-ddmlib-proto/31.1.0/android-device-provider-ddmlib-proto-31.1.0.jar to /home/runner/.gradle/.tmp/gradle_download11752044289979721343bin
Downloading https://dl.google.com/dl/android/maven2/com/android/tools/utp/android-device-provider-gradle-proto/31.1.0/android-device-provider-gradle-proto-31.1.0.jar to /home/runner/.gradle/.tmp/gradle_download8596174855765889215bin
Downloading https://dl.google.com/dl/android/maven2/com/android/tools/utp/android-test-plugin-host-coverage-proto/31.1.0/android-test-plugin-host-coverage-proto-31.1.0.jar to /home/runner/.gradle/.tmp/gradle_download15064577981530275814bin
Downloading https://dl.google.com/dl/android/maven2/com/android/tools/utp/android-test-plugin-host-additional-test-output-proto/31.1.0/android-test-plugin-host-additional-test-output-proto-31.1.0.jar to /home/runner/.gradle/.tmp/gradle_download6931043930694766053bin
Downloading https://dl.google.com/dl/android/maven2/com/android/tools/utp/android-test-plugin-host-emulator-control-proto/31.1.0/android-test-plugin-host-emulator-control-proto-31.1.0.jar to /home/runner/.gradle/.tmp/gradle_download15654176747607297075bin
Downloading https://dl.google.com/dl/android/maven2/com/android/tools/utp/android-test-plugin-host-logcat-proto/31.1.0/android-test-plugin-host-logcat-proto-31.1.0.jar to /home/runner/.gradle/.tmp/gradle_download16561608814152309669bin
Downloading https://dl.google.com/dl/android/maven2/com/android/tools/utp/android-test-plugin-host-apk-installer-proto/31.1.0/android-test-plugin-host-apk-installer-proto-31.1.0.jar to /home/runner/.gradle/.tmp/gradle_download12155360829894368590bin
Downloading https://dl.google.com/dl/android/maven2/com/android/tools/utp/android-test-plugin-host-retention-proto/31.1.0/android-test-plugin-host-retention-proto-31.1.0.jar to /home/runner/.gradle/.tmp/gradle_download16911753714344982970bin
Downloading https://dl.google.com/dl/android/maven2/com/android/tools/build/builder-model/8.1.0/builder-model-8.1.0.jar to /home/runner/.gradle/.tmp/gradle_download9370437933547238077bin
Downloading https://dl.google.com/dl/android/maven2/com/android/tools/utp/android-test-plugin-result-listener-gradle-proto/31.1.0/android-test-plugin-result-listener-gradle-proto-31.1.0.jar to /home/runner/.gradle/.tmp/gradle_download2371945198317441056bin
Downloading https://repo.maven.apache.org/maven2/org/jetbrains/kotlin/kotlin-stdlib-jdk8/1.8.20-RC2/kotlin-stdlib-jdk8-1.8.20-RC2.jar to /home/runner/.gradle/.tmp/gradle_download8783381007071269559bin
Downloading https://dl.google.com/dl/android/maven2/com/android/tools/dvlib/31.1.0/dvlib-31.1.0.jar to /home/runner/.gradle/.tmp/gradle_download16388152203601290792bin
Downloading https://dl.google.com/dl/android/maven2/com/android/tools/common/31.1.0/common-31.1.0.jar to /home/runner/.gradle/.tmp/gradle_download963407329703268765bin
Downloading https://repo.maven.apache.org/maven2/org/apache/httpcomponents/httpmime/4.5.6/httpmime-4.5.6.jar to /home/runner/.gradle/.tmp/gradle_download18385002174261626874bin
Downloading https://repo.maven.apache.org/maven2/commons-io/commons-io/2.4/commons-io-2.4.jar to /home/runner/.gradle/.tmp/gradle_download10248996161291989287bin
Downloading https://dl.google.com/dl/android/maven2/com/android/tools/build/transform-api/2.0.0-deprecated-use-gradle-api/transform-api-2.0.0-deprecated-use-gradle-api.jar to /home/runner/.gradle/.tmp/gradle_download11426445336460930784bin
Downloading https://repo.maven.apache.org/maven2/org/ow2/asm/asm-util/9.2/asm-util-9.2.jar to /home/runner/.gradle/.tmp/gradle_download5605520615355807433bin
Downloading https://repo.maven.apache.org/maven2/org/ow2/asm/asm-commons/9.2/asm-commons-9.2.jar to /home/runner/.gradle/.tmp/gradle_download10311406673109158960bin
Downloading https://dl.google.com/dl/android/maven2/com/android/tools/build/jetifier/jetifier-processor/1.0.0-beta10/jetifier-processor-1.0.0-beta10.jar to /home/runner/.gradle/.tmp/gradle_download12348225813965151794bin
Downloading https://repo.maven.apache.org/maven2/org/ow2/asm/asm-analysis/9.2/asm-analysis-9.2.jar to /home/runner/.gradle/.tmp/gradle_download6797383146744015012bin
Downloading https://repo.maven.apache.org/maven2/org/ow2/asm/asm-tree/9.2/asm-tree-9.2.jar to /home/runner/.gradle/.tmp/gradle_download627630925059744079bin
Downloading https://repo.maven.apache.org/maven2/org/ow2/asm/asm/9.2/asm-9.2.jar to /home/runner/.gradle/.tmp/gradle_download11062752191118254726bin
Downloading https://dl.google.com/dl/android/maven2/com/android/tools/build/apkzlib/8.1.0/apkzlib-8.1.0.jar to /home/runner/.gradle/.tmp/gradle_download9111566819048537648bin
Downloading https://repo.maven.apache.org/maven2/org/bouncycastle/bcpkix-jdk15on/1.67/bcpkix-jdk15on-1.67.jar to /home/runner/.gradle/.tmp/gradle_download11869704867742379145bin
Downloading https://repo.maven.apache.org/maven2/org/glassfish/jaxb/jaxb-runtime/2.3.2/jaxb-runtime-2.3.2.jar to /home/runner/.gradle/.tmp/gradle_download17264194034574905489bin
Downloading https://repo.maven.apache.org/maven2/net/sf/jopt-simple/jopt-simple/4.9/jopt-simple-4.9.jar to /home/runner/.gradle/.tmp/gradle_download8736718748084163478bin
Downloading https://repo.maven.apache.org/maven2/com/google/protobuf/protobuf-java-util/3.19.3/protobuf-java-util-3.19.3.jar to /home/runner/.gradle/.tmp/gradle_download6199940759710943664bin
Downloading https://repo.maven.apache.org/maven2/io/grpc/grpc-protobuf/1.45.1/grpc-protobuf-1.45.1.jar to /home/runner/.gradle/.tmp/gradle_download4147543801001057312bin
Downloading https://repo.maven.apache.org/maven2/com/squareup/javapoet/1.10.0/javapoet-1.10.0.jar to /home/runner/.gradle/.tmp/gradle_download6471865276821106442bin
Downloading https://dl.google.com/dl/android/maven2/com/android/tools/build/jetifier/jetifier-core/1.0.0-beta10/jetifier-core-1.0.0-beta10.jar to /home/runner/.gradle/.tmp/gradle_download3211640812964600405bin
Downloading https://repo.maven.apache.org/maven2/com/google/crypto/tink/tink/1.7.0/tink-1.7.0.jar to /home/runner/.gradle/.tmp/gradle_download9408962904546138959bin
Downloading https://repo.maven.apache.org/maven2/com/google/protobuf/protobuf-java/3.19.3/protobuf-java-3.19.3.jar to /home/runner/.gradle/.tmp/gradle_download11512038459855943329bin
Downloading https://repo.maven.apache.org/maven2/com/google/api/grpc/proto-google-common-protos/2.0.1/proto-google-common-protos-2.0.1.jar to /home/runner/.gradle/.tmp/gradle_download7150205278870058196bin
Downloading https://repo.maven.apache.org/maven2/io/grpc/grpc-netty/1.45.1/grpc-netty-1.45.1.jar to /home/runner/.gradle/.tmp/gradle_download18143160367973501628bin
Downloading https://repo.maven.apache.org/maven2/io/grpc/grpc-stub/1.45.1/grpc-stub-1.45.1.jar to /home/runner/.gradle/.tmp/gradle_download4932001420240997027bin
Downloading https://repo.maven.apache.org/maven2/io/grpc/grpc-core/1.45.1/grpc-core-1.45.1.jar to /home/runner/.gradle/.tmp/gradle_download12785423259205008381bin
Downloading https://repo.maven.apache.org/maven2/com/google/code/gson/gson/2.8.9/gson-2.8.9.jar to /home/runner/.gradle/.tmp/gradle_download7179315010036363736bin
Downloading https://dl.google.com/dl/android/maven2/com/android/tools/analytics-library/protos/31.1.0/protos-31.1.0.jar to /home/runner/.gradle/.tmp/gradle_download13420855394054655085bin
Downloading https://repo.maven.apache.org/maven2/org/tensorflow/tensorflow-lite-metadata/0.1.0-rc2/tensorflow-lite-metadata-0.1.0-rc2.jar to /home/runner/.gradle/.tmp/gradle_download10076736905230879492bin
Downloading https://repo.maven.apache.org/maven2/com/google/flatbuffers/flatbuffers-java/1.12.0/flatbuffers-java-1.12.0.jar to /home/runner/.gradle/.tmp/gradle_download64919297728490789bin
Downloading https://dl.google.com/dl/android/maven2/com/google/testing/platform/core-proto/0.0.8-alpha08/core-proto-0.0.8-alpha08.jar to /home/runner/.gradle/.tmp/gradle_download7019117522885284284bin
Downloading https://repo.maven.apache.org/maven2/io/grpc/grpc-protobuf-lite/1.45.1/grpc-protobuf-lite-1.45.1.jar to /home/runner/.gradle/.tmp/gradle_download2850571223330000222bin
Downloading https://repo.maven.apache.org/maven2/io/grpc/grpc-api/1.45.1/grpc-api-1.45.1.jar to /home/runner/.gradle/.tmp/gradle_download6682921036542723394bin
Downloading https://repo.maven.apache.org/maven2/com/google/jimfs/jimfs/1.1/jimfs-1.1.jar to /home/runner/.gradle/.tmp/gradle_download421945426770013854bin
Downloading https://repo.maven.apache.org/maven2/com/google/dagger/dagger/2.28.3/dagger-2.28.3.jar to /home/runner/.gradle/.tmp/gradle_download4341284426003636706bin
Downloading https://repo.maven.apache.org/maven2/com/google/guava/guava/31.1-jre/guava-31.1-jre.jar to /home/runner/.gradle/.tmp/gradle_download11204763669967921720bin
Downloading https://repo.maven.apache.org/maven2/javax/inject/javax.inject/1/javax.inject-1.jar to /home/runner/.gradle/.tmp/gradle_download7659225098446855641bin
Downloading https://repo.maven.apache.org/maven2/net/sf/kxml/kxml2/2.3.0/kxml2-2.3.0.jar to /home/runner/.gradle/.tmp/gradle_download12576189632036755603bin
Downloading https://repo.maven.apache.org/maven2/org/bouncycastle/bcprov-jdk15on/1.67/bcprov-jdk15on-1.67.jar to /home/runner/.gradle/.tmp/gradle_download11144104567753645354bin
Downloading https://repo.maven.apache.org/maven2/org/jetbrains/kotlin/kotlin-reflect/1.8.20-RC2/kotlin-reflect-1.8.20-RC2.jar to /home/runner/.gradle/.tmp/gradle_download13968940873404003480bin
Downloading https://repo.maven.apache.org/maven2/org/jetbrains/intellij/deps/trove4j/1.0.20200330/trove4j-1.0.20200330.jar to /home/runner/.gradle/.tmp/gradle_download17680926638662758671bin
Downloading https://repo.maven.apache.org/maven2/org/apache/commons/commons-compress/1.21/commons-compress-1.21.jar to /home/runner/.gradle/.tmp/gradle_download9232907817112164491bin
Downloading https://repo.maven.apache.org/maven2/xerces/xercesImpl/2.12.0/xercesImpl-2.12.0.jar to /home/runner/.gradle/.tmp/gradle_download15604985372918041976bin
Downloading https://repo.maven.apache.org/maven2/org/apache/httpcomponents/httpclient/4.5.13/httpclient-4.5.13.jar to /home/runner/.gradle/.tmp/gradle_download5463499432683825268bin
Downloading https://repo.maven.apache.org/maven2/org/apache/httpcomponents/httpcore/4.4.15/httpcore-4.4.15.jar to /home/runner/.gradle/.tmp/gradle_download6508722333285264244bin
Downloading https://repo.maven.apache.org/maven2/org/jetbrains/kotlin/kotlin-stdlib/1.8.20-RC2/kotlin-stdlib-1.8.20-RC2.jar to /home/runner/.gradle/.tmp/gradle_download7177913499193305959bin
Downloading https://repo.maven.apache.org/maven2/com/sun/activation/javax.activation/1.2.0/javax.activation-1.2.0.jar to /home/runner/.gradle/.tmp/gradle_download9620401986564710198bin
Downloading https://repo.maven.apache.org/maven2/org/jetbrains/kotlin/kotlin-stdlib-jdk7/1.8.20-RC2/kotlin-stdlib-jdk7-1.8.20-RC2.jar to /home/runner/.gradle/.tmp/gradle_download15747623837795796210bin
Downloading https://repo.maven.apache.org/maven2/org/jetbrains/annotations/13.0/annotations-13.0.jar to /home/runner/.gradle/.tmp/gradle_download7416753554741852804bin
Downloading https://dl.google.com/dl/android/maven2/com/android/signflinger/8.1.0/signflinger-8.1.0.jar to /home/runner/.gradle/.tmp/gradle_download2693461355722316143bin
Downloading https://dl.google.com/dl/android/maven2/com/android/zipflinger/8.1.0/zipflinger-8.1.0.jar to /home/runner/.gradle/.tmp/gradle_download6760531866572445138bin
Downloading https://dl.google.com/dl/android/maven2/com/android/tools/annotations/31.1.0/annotations-31.1.0.jar to /home/runner/.gradle/.tmp/gradle_download6007714463296050195bin
Downloading https://repo.maven.apache.org/maven2/net/java/dev/jna/jna-platform/5.6.0/jna-platform-5.6.0.jar to /home/runner/.gradle/.tmp/gradle_download1757155909462940708bin
Downloading https://repo.maven.apache.org/maven2/com/googlecode/juniversalchardet/juniversalchardet/1.0.3/juniversalchardet-1.0.3.jar to /home/runner/.gradle/.tmp/gradle_download16591483685791626586bin
Downloading https://repo.maven.apache.org/maven2/javax/annotation/javax.annotation-api/1.3.2/javax.annotation-api-1.3.2.jar to /home/runner/.gradle/.tmp/gradle_download15300601301830493737bin
Downloading https://repo.maven.apache.org/maven2/org/glassfish/jaxb/txw2/2.3.2/txw2-2.3.2.jar to /home/runner/.gradle/.tmp/gradle_download14426344765489534555bin
Downloading https://repo.maven.apache.org/maven2/jakarta/xml/bind/jakarta.xml.bind-api/2.3.2/jakarta.xml.bind-api-2.3.2.jar to /home/runner/.gradle/.tmp/gradle_download16605418366477865441bin
Downloading https://repo.maven.apache.org/maven2/org/jvnet/staxex/stax-ex/1.8.1/stax-ex-1.8.1.jar to /home/runner/.gradle/.tmp/gradle_download8959762617208018685bin
Downloading https://repo.maven.apache.org/maven2/com/sun/istack/istack-commons-runtime/3.0.8/istack-commons-runtime-3.0.8.jar to /home/runner/.gradle/.tmp/gradle_download6057779243505308552bin
Downloading https://repo.maven.apache.org/maven2/com/sun/xml/fastinfoset/FastInfoset/1.2.16/FastInfoset-1.2.16.jar to /home/runner/.gradle/.tmp/gradle_download12848042342110358050bin
Downloading https://repo.maven.apache.org/maven2/jakarta/activation/jakarta.activation-api/1.2.1/jakarta.activation-api-1.2.1.jar to /home/runner/.gradle/.tmp/gradle_download5079460859921128041bin
Downloading https://repo.maven.apache.org/maven2/com/google/auto/value/auto-value-annotations/1.6.2/auto-value-annotations-1.6.2.jar to /home/runner/.gradle/.tmp/gradle_download7369830869401836283bin
Downloading https://repo.maven.apache.org/maven2/com/google/errorprone/error_prone_annotations/2.11.0/error_prone_annotations-2.11.0.jar to /home/runner/.gradle/.tmp/gradle_download7898778277700199647bin
Downloading https://repo.maven.apache.org/maven2/org/slf4j/slf4j-api/1.7.30/slf4j-api-1.7.30.jar to /home/runner/.gradle/.tmp/gradle_download18358364458564583975bin
Downloading https://repo.maven.apache.org/maven2/org/bitbucket/b_c/jose4j/0.7.0/jose4j-0.7.0.jar to /home/runner/.gradle/.tmp/gradle_download12863849893285132185bin
Downloading https://repo.maven.apache.org/maven2/org/jdom/jdom2/2.0.6/jdom2-2.0.6.jar to /home/runner/.gradle/.tmp/gradle_download5625540681663273335bin
Downloading https://repo.maven.apache.org/maven2/com/google/j2objc/j2objc-annotations/1.3/j2objc-annotations-1.3.jar to /home/runner/.gradle/.tmp/gradle_download14822773130648806002bin
Downloading https://repo.maven.apache.org/maven2/com/google/code/findbugs/jsr305/3.0.2/jsr305-3.0.2.jar to /home/runner/.gradle/.tmp/gradle_download3917054964678732685bin
Downloading https://repo.maven.apache.org/maven2/com/google/android/annotations/4.1.1.4/annotations-4.1.1.4.jar to /home/runner/.gradle/.tmp/gradle_download13291395320510391336bin
Downloading https://repo.maven.apache.org/maven2/org/codehaus/mojo/animal-sniffer-annotations/1.19/animal-sniffer-annotations-1.19.jar to /home/runner/.gradle/.tmp/gradle_download2147458141589673932bin
Downloading https://repo.maven.apache.org/maven2/io/netty/netty-codec-http2/4.1.72.Final/netty-codec-http2-4.1.72.Final.jar to /home/runner/.gradle/.tmp/gradle_download9278932972453429966bin
Downloading https://repo.maven.apache.org/maven2/io/perfmark/perfmark-api/0.23.0/perfmark-api-0.23.0.jar to /home/runner/.gradle/.tmp/gradle_download9324422522394647531bin
Downloading https://repo.maven.apache.org/maven2/io/netty/netty-handler-proxy/4.1.72.Final/netty-handler-proxy-4.1.72.Final.jar to /home/runner/.gradle/.tmp/gradle_download5558803045515934825bin
Downloading https://repo.maven.apache.org/maven2/org/checkerframework/checker-qual/3.12.0/checker-qual-3.12.0.jar to /home/runner/.gradle/.tmp/gradle_download5485466370622538686bin
Downloading https://repo.maven.apache.org/maven2/com/google/guava/failureaccess/1.0.1/failureaccess-1.0.1.jar to /home/runner/.gradle/.tmp/gradle_download10731101034804837897bin
Downloading https://repo.maven.apache.org/maven2/com/squareup/javawriter/2.5.0/javawriter-2.5.0.jar to /home/runner/.gradle/.tmp/gradle_download7299230483952231327bin
Downloading https://repo.maven.apache.org/maven2/commons-codec/commons-codec/1.11/commons-codec-1.11.jar to /home/runner/.gradle/.tmp/gradle_download11966505529626744818bin
Downloading https://dl.google.com/dl/android/maven2/com/android/tools/build/apksig/8.1.0/apksig-8.1.0.jar to /home/runner/.gradle/.tmp/gradle_download11930129072241989236bin
Downloading https://repo.maven.apache.org/maven2/com/google/guava/listenablefuture/9999.0-empty-to-avoid-conflict-with-guava/listenablefuture-9999.0-empty-to-avoid-conflict-with-guava.jar to /home/runner/.gradle/.tmp/gradle_download16634533035461168313bin
Downloading https://repo.maven.apache.org/maven2/xml-apis/xml-apis/1.4.01/xml-apis-1.4.01.jar to /home/runner/.gradle/.tmp/gradle_download18412934295023369430bin
Downloading https://repo.maven.apache.org/maven2/commons-logging/commons-logging/1.2/commons-logging-1.2.jar to /home/runner/.gradle/.tmp/gradle_download18294574996911866622bin
Downloading https://repo.maven.apache.org/maven2/net/java/dev/jna/jna/5.6.0/jna-5.6.0.jar to /home/runner/.gradle/.tmp/gradle_download6293300139863500253bin
Downloading https://repo.maven.apache.org/maven2/org/jetbrains/kotlin/kotlin-stdlib-common/1.8.20-RC2/kotlin-stdlib-common-1.8.20-RC2.jar to /home/runner/.gradle/.tmp/gradle_download4125571694867931470bin
Downloading https://repo.maven.apache.org/maven2/io/netty/netty-codec-http/4.1.72.Final/netty-codec-http-4.1.72.Final.jar to /home/runner/.gradle/.tmp/gradle_download6712368191446964621bin
Downloading https://repo.maven.apache.org/maven2/io/grpc/grpc-context/1.45.1/grpc-context-1.45.1.jar to /home/runner/.gradle/.tmp/gradle_download6877278978564787788bin
Downloading https://repo.maven.apache.org/maven2/io/netty/netty-codec-socks/4.1.72.Final/netty-codec-socks-4.1.72.Final.jar to /home/runner/.gradle/.tmp/gradle_download9640839814446972810bin
Downloading https://repo.maven.apache.org/maven2/io/netty/netty-codec/4.1.72.Final/netty-codec-4.1.72.Final.jar to /home/runner/.gradle/.tmp/gradle_download3097533000777625245bin
Downloading https://repo.maven.apache.org/maven2/io/netty/netty-handler/4.1.72.Final/netty-handler-4.1.72.Final.jar to /home/runner/.gradle/.tmp/gradle_download5824535731215495619bin
Downloading https://repo.maven.apache.org/maven2/io/netty/netty-buffer/4.1.72.Final/netty-buffer-4.1.72.Final.jar to /home/runner/.gradle/.tmp/gradle_download1659290898662532050bin
Downloading https://repo.maven.apache.org/maven2/io/netty/netty-resolver/4.1.72.Final/netty-resolver-4.1.72.Final.jar to /home/runner/.gradle/.tmp/gradle_download12919725714927326319bin
Downloading https://repo.maven.apache.org/maven2/io/netty/netty-common/4.1.72.Final/netty-common-4.1.72.Final.jar to /home/runner/.gradle/.tmp/gradle_download18150351652613846721bin
Downloading https://repo.maven.apache.org/maven2/io/netty/netty-transport/4.1.72.Final/netty-transport-4.1.72.Final.jar to /home/runner/.gradle/.tmp/gradle_download15856006038117864565bin
Downloading https://repo.maven.apache.org/maven2/io/netty/netty-tcnative-classes/2.0.46.Final/netty-tcnative-classes-2.0.46.Final.jar to /home/runner/.gradle/.tmp/gradle_download8760266473281735861bin
Caching disabled for InstrumentationAnalysisTransform: /home/runner/.gradle/caches/modules-2/files-2.1/com.android.tools.build/gradle-settings-api/8.1.0/94f32208a0483da77152c31a8b363a52175916a1/gradle-settings-api-8.1.0.jar because:
  Build cache is disabled
  Caching not enabled.
Caching disabled for InstrumentationAnalysisTransform: /home/runner/.gradle/caches/modules-2/files-2.1/com.android.tools.build/gradle/8.1.0/fcd4612dc9b74db28fdb6a4b6a6ddc6008970428/gradle-8.1.0.jar because:
  Build cache is disabled
  Caching not enabled.
Caching disabled for InstrumentationAnalysisTransform: /home/runner/.gradle/caches/modules-2/files-2.1/com.android.tools.lint/lint-model/31.1.0/2a8baf9946bcb0d2fe3d171930fddd414447926f/lint-model-31.1.0.jar because:
  Build cache is disabled
  Caching not enabled.
Caching disabled for InstrumentationAnalysisTransform: /home/runner/.gradle/caches/modules-2/files-2.1/com.android.tools.build/builder/8.1.0/602b620b1ee65828181b543bc1790efdfde39cf/builder-8.1.0.jar because:
  Build cache is disabled
  Caching not enabled.
Caching disabled for InstrumentationAnalysisTransform: /home/runner/.gradle/caches/modules-2/files-2.1/com.android.tools.build/manifest-merger/31.1.0/3ce36db8d2fb98ea746949e1b104d3e96fac9904/manifest-merger-31.1.0.jar because:
  Build cache is disabled
  Caching not enabled.
Caching disabled for InstrumentationAnalysisTransform: /home/runner/.gradle/caches/modules-2/files-2.1/com.android.tools/sdk-common/31.1.0/a7450a5a1fc9574099f661f44dd056637de82dc6/sdk-common-31.1.0.jar because:
  Build cache is disabled
  Caching not enabled.
Caching disabled for InstrumentationAnalysisTransform: /home/runner/.gradle/caches/modules-2/files-2.1/com.android.tools/sdklib/31.1.0/1ee002c6e1a7c207e2f03eba15864479ad8afe6f/sdklib-31.1.0.jar because:
  Build cache is disabled
  Caching not enabled.
Caching disabled for InstrumentationAnalysisTransform: /home/runner/.gradle/caches/modules-2/files-2.1/com.android.tools/repository/31.1.0/371ee5bee7cb5fbd24569a2c07944be4ee2b8ce7/repository-31.1.0.jar because:
  Build cache is disabled
  Caching not enabled.
Caching disabled for InstrumentationAnalysisTransform: /home/runner/.gradle/caches/modules-2/files-2.1/com.android.tools.build/gradle-api/8.1.0/1aeab1b41ec5589e60d868aac74746400f359f03/gradle-api-8.1.0.jar because:
  Build cache is disabled
  Caching not enabled.
Caching disabled for InstrumentationAnalysisTransform: /home/runner/.gradle/caches/modules-2/files-2.1/com.android.tools.build/builder-test-api/8.1.0/544697daba5e821497608daa54d2b2cbd6684ce/builder-test-api-8.1.0.jar because:
  Build cache is disabled
  Caching not enabled.
Caching disabled for InstrumentationAnalysisTransform: /home/runner/.gradle/caches/modules-2/files-2.1/com.android.tools.ddms/ddmlib/31.1.0/8c5f283b9aa267c37b9b632484a2ab4ccd1205d7/ddmlib-31.1.0.jar because:
  Build cache is disabled
  Caching not enabled.
Caching disabled for InstrumentationAnalysisTransform: /home/runner/.gradle/caches/modules-2/files-2.1/com.android.tools.build/aaptcompiler/8.1.0/3bdf36820041ab51fe1b45b165cfd395d11effcc/aaptcompiler-8.1.0.jar because:
  Build cache is disabled
  Caching not enabled.
Caching disabled for InstrumentationAnalysisTransform: /home/runner/.gradle/caches/modules-2/files-2.1/com.android.tools.build/bundletool/1.14.0/2fcb426b5e62cc6e879369fdbbe915bb0a43c3e1/bundletool-1.14.0.jar because:
  Build cache is disabled
  Caching not enabled.
Caching disabled for InstrumentationAnalysisTransform: /home/runner/.gradle/caches/modules-2/files-2.1/com.android.tools.build/aapt2-proto/8.1.0-10154469/49bcae5918bf1f4a4177b33d44473055d9e5fe1c/aapt2-proto-8.1.0-10154469.jar because:
  Build cache is disabled
  Caching not enabled.
Caching disabled for InstrumentationAnalysisTransform: /home/runner/.gradle/caches/modules-2/files-2.1/com.android.tools.analytics-library/crash/31.1.0/745eed5bd3b46fecd9a285aaf033e64b570b1d68/crash-31.1.0.jar because:
  Build cache is disabled
  Caching not enabled.
Caching disabled for InstrumentationAnalysisTransform: /home/runner/.gradle/caches/modules-2/files-2.1/com.android.tools.analytics-library/tracker/31.1.0/4defc338e33c908b6910577a18b4000987325e9f/tracker-31.1.0.jar because:
  Build cache is disabled
  Caching not enabled.
Caching disabled for InstrumentationAnalysisTransform: /home/runner/.gradle/caches/modules-2/files-2.1/com.android.tools.analytics-library/shared/31.1.0/2f264944222d494cc74fa2feb2b13e08f4b61c7/shared-31.1.0.jar because:
  Build cache is disabled
  Caching not enabled.
Caching disabled for InstrumentationAnalysisTransform: /home/runner/.gradle/caches/modules-2/files-2.1/com.android.tools.lint/lint-typedef-remover/31.1.0/644ab9b8a697ba83702c4e32eaaf95c504e1a522/lint-typedef-remover-31.1.0.jar because:
  Build cache is disabled
  Caching not enabled.
Caching disabled for InstrumentationAnalysisTransform: /home/runner/.gradle/caches/modules-2/files-2.1/androidx.databinding/databinding-compiler-common/8.1.0/a1c7a90144aedb0b918534ea90f928e18855264b/databinding-compiler-common-8.1.0.jar because:
  Build cache is disabled
  Caching not enabled.
Caching disabled for InstrumentationAnalysisTransform: /home/runner/.gradle/caches/modules-2/files-2.1/androidx.databinding/databinding-common/8.1.0/2be3530b78477835e69dce953b17adc1dbc5c6fa/databinding-common-8.1.0.jar because:
  Build cache is disabled
  Caching not enabled.
Caching disabled for InstrumentationAnalysisTransform: /home/runner/.gradle/caches/modules-2/files-2.1/com.android.databinding/baseLibrary/8.1.0/7e7399239e52d4069896277615e005add7ae8e5a/baseLibrary-8.1.0.jar because:
  Build cache is disabled
  Caching not enabled.
Caching disabled for InstrumentationAnalysisTransform: /home/runner/.gradle/caches/modules-2/files-2.1/com.android.tools.layoutlib/layoutlib-api/31.1.0/3803332e9fa1f20ac5b4368c54fa9ba830a4e49f/layoutlib-api-31.1.0.jar because:
  Build cache is disabled
  Caching not enabled.
Caching disabled for InstrumentationAnalysisTransform: /home/runner/.gradle/caches/modules-2/files-2.1/com.android.tools.utp/android-device-provider-ddmlib-proto/31.1.0/70f460be43fe32ed535b1d34a9966ac955191ce1/android-device-provider-ddmlib-proto-31.1.0.jar because:
  Build cache is disabled
  Caching not enabled.
Caching disabled for InstrumentationAnalysisTransform: /home/runner/.gradle/caches/modules-2/files-2.1/com.android.tools.utp/android-device-provider-gradle-proto/31.1.0/622ec6748a5fd9804d1f1a1239826cbd73a960bc/android-device-provider-gradle-proto-31.1.0.jar because:
  Build cache is disabled
  Caching not enabled.
Caching disabled for InstrumentationAnalysisTransform: /home/runner/.gradle/caches/modules-2/files-2.1/com.android.tools.utp/android-test-plugin-host-additional-test-output-proto/31.1.0/94f0a14f0c6cceff5a0374a2d4e0e50bac122899/android-test-plugin-host-additional-test-output-proto-31.1.0.jar because:
  Build cache is disabled
  Caching not enabled.
Caching disabled for InstrumentationAnalysisTransform: /home/runner/.gradle/caches/modules-2/files-2.1/com.android.tools.utp/android-test-plugin-host-emulator-control-proto/31.1.0/11cb514e23daa4b9e3b8bd395014aa58ada6bcec/android-test-plugin-host-emulator-control-proto-31.1.0.jar because:
  Build cache is disabled
  Caching not enabled.
Caching disabled for InstrumentationAnalysisTransform: /home/runner/.gradle/caches/modules-2/files-2.1/com.android.tools.utp/android-test-plugin-host-coverage-proto/31.1.0/7b3dfe6654185ce95c2e815c3dcbc488a3ea567e/android-test-plugin-host-coverage-proto-31.1.0.jar because:
  Build cache is disabled
  Caching not enabled.
Caching disabled for InstrumentationAnalysisTransform: /home/runner/.gradle/caches/modules-2/files-2.1/com.android.tools.utp/android-test-plugin-host-logcat-proto/31.1.0/fd1c47673952b6b7a50173005322d40a3a106604/android-test-plugin-host-logcat-proto-31.1.0.jar because:
  Build cache is disabled
  Caching not enabled.
Caching disabled for InstrumentationAnalysisTransform: /home/runner/.gradle/caches/modules-2/files-2.1/com.android.tools.utp/android-test-plugin-host-retention-proto/31.1.0/4319b864edee0328f75afbc17ac4ae8997679420/android-test-plugin-host-retention-proto-31.1.0.jar because:
  Build cache is disabled
  Caching not enabled.
Caching disabled for InstrumentationAnalysisTransform: /home/runner/.gradle/caches/modules-2/files-2.1/com.android.tools.utp/android-test-plugin-result-listener-gradle-proto/31.1.0/12e0c415c599bd8768dc1e3db076bbe921db1e08/android-test-plugin-result-listener-gradle-proto-31.1.0.jar because:
  Build cache is disabled
  Caching not enabled.
Caching disabled for InstrumentationAnalysisTransform: /home/runner/.gradle/caches/modules-2/files-2.1/com.android.tools.utp/android-test-plugin-host-apk-installer-proto/31.1.0/c14a7d0b4e1166a2035b26be175fcd52ce167844/android-test-plugin-host-apk-installer-proto-31.1.0.jar because:
  Build cache is disabled
  Caching not enabled.
Caching disabled for InstrumentationAnalysisTransform: /home/runner/.gradle/caches/modules-2/files-2.1/com.android.tools.build/builder-model/8.1.0/daa3c68c4610cdbfdd38f5681d11865190a65389/builder-model-8.1.0.jar because:
  Build cache is disabled
  Caching not enabled.
Caching disabled for InstrumentationAnalysisTransform: /home/runner/.gradle/caches/modules-2/files-2.1/com.android.tools/dvlib/31.1.0/73f9e701a49ce55a5efc5ade01238f5fa9b2655d/dvlib-31.1.0.jar because:
  Build cache is disabled
  Caching not enabled.
Caching disabled for InstrumentationAnalysisTransform: /home/runner/.gradle/caches/modules-2/files-2.1/com.android.tools/common/31.1.0/91b8f318da2aeabbbf7042d5a965d5c0292fca80/common-31.1.0.jar because:
  Build cache is disabled
  Caching not enabled.
Caching disabled for InstrumentationAnalysisTransform: /home/runner/.gradle/caches/modules-2/files-2.1/com.android.tools.build/transform-api/2.0.0-deprecated-use-gradle-api/47f6c56527c42425742fa9b56ffd3fd80763fe03/transform-api-2.0.0-deprecated-use-gradle-api.jar because:
  Build cache is disabled
  Caching not enabled.
Caching disabled for InstrumentationAnalysisTransform: /home/runner/.gradle/caches/modules-2/files-2.1/org.jetbrains.kotlin/kotlin-stdlib-jdk8/1.8.20-RC2/3f3b892b2b7261138cc4ad48117553b1eb7e8fc7/kotlin-stdlib-jdk8-1.8.20-RC2.jar because:
  Build cache is disabled
  Caching not enabled.
Caching disabled for InstrumentationAnalysisTransform: /home/runner/.gradle/caches/modules-2/files-2.1/org.apache.httpcomponents/httpmime/4.5.6/164343da11db817e81e24e0d9869527e069850c9/httpmime-4.5.6.jar because:
  Build cache is disabled
  Caching not enabled.
Caching disabled for InstrumentationAnalysisTransform: /home/runner/.gradle/caches/modules-2/files-2.1/commons-io/commons-io/2.4/b1b6ea3b7e4aa4f492509a4952029cd8e48019ad/commons-io-2.4.jar because:
  Build cache is disabled
  Caching not enabled.
Caching disabled for InstrumentationAnalysisTransform: /home/runner/.gradle/caches/modules-2/files-2.1/com.android.tools.build.jetifier/jetifier-processor/1.0.0-beta10/946c39eb0c052ff4f60a8939648a8b99af20d604/jetifier-processor-1.0.0-beta10.jar because:
  Build cache is disabled
  Caching not enabled.
Caching disabled for InstrumentationAnalysisTransform: /home/runner/.gradle/caches/modules-2/files-2.1/org.ow2.asm/asm-commons/9.2/f4d7f0fc9054386f2893b602454d48e07d4fbead/asm-commons-9.2.jar because:
  Build cache is disabled
  Caching not enabled.
Caching disabled for InstrumentationAnalysisTransform: /home/runner/.gradle/caches/modules-2/files-2.1/org.ow2.asm/asm-util/9.2/fbc178fc5ba3dab50fd7e8a5317b8b647c8e8946/asm-util-9.2.jar because:
  Build cache is disabled
  Caching not enabled.
Caching disabled for InstrumentationAnalysisTransform: /home/runner/.gradle/caches/modules-2/files-2.1/org.ow2.asm/asm-analysis/9.2/7487dd756daf96cab9986e44b9d7bcb796a61c10/asm-analysis-9.2.jar because:
  Build cache is disabled
  Caching not enabled.
Caching disabled for InstrumentationAnalysisTransform: /home/runner/.gradle/caches/modules-2/files-2.1/org.ow2.asm/asm-tree/9.2/d96c99a30f5e1a19b0e609dbb19a44d8518ac01e/asm-tree-9.2.jar because:
  Build cache is disabled
  Caching not enabled.
Caching disabled for InstrumentationAnalysisTransform: /home/runner/.gradle/caches/modules-2/files-2.1/com.android.tools.build/apkzlib/8.1.0/cac4447eae289138e1cbbfe13a0d8bb6b4255e56/apkzlib-8.1.0.jar because:
  Build cache is disabled
  Caching not enabled.
Caching disabled for InstrumentationAnalysisTransform: /home/runner/.gradle/caches/modules-2/files-2.1/org.ow2.asm/asm/9.2/81a03f76019c67362299c40e0ba13405f5467bff/asm-9.2.jar because:
  Build cache is disabled
  Caching not enabled.
Caching disabled for InstrumentationAnalysisTransform: /home/runner/.gradle/caches/modules-2/files-2.1/org.bouncycastle/bcpkix-jdk15on/1.67/5f48020a2a60a8d6bcbecceca23529d225b28efb/bcpkix-jdk15on-1.67.jar because:
  Build cache is disabled
  Caching not enabled.
Caching disabled for InstrumentationAnalysisTransform: /home/runner/.gradle/caches/modules-2/files-2.1/org.glassfish.jaxb/jaxb-runtime/2.3.2/5528bc882ea499a09d720b42af11785c4fc6be2a/jaxb-runtime-2.3.2.jar because:
  Build cache is disabled
  Caching not enabled.
Caching disabled for InstrumentationAnalysisTransform: /home/runner/.gradle/caches/modules-2/files-2.1/net.sf.jopt-simple/jopt-simple/4.9/ee9e9eaa0a35360dcfeac129ff4923215fd65904/jopt-simple-4.9.jar because:
  Build cache is disabled
  Caching not enabled.
Caching disabled for InstrumentationAnalysisTransform: /home/runner/.gradle/caches/modules-2/files-2.1/com.android.tools.build.jetifier/jetifier-core/1.0.0-beta10/6e621022a9c95af12a7004d6b55805bbd1126837/jetifier-core-1.0.0-beta10.jar because:
  Build cache is disabled
  Caching not enabled.
Caching disabled for InstrumentationAnalysisTransform: /home/runner/.gradle/caches/modules-2/files-2.1/com.squareup/javapoet/1.10.0/712c178d35185d8261295913c9f2a7d6867a6007/javapoet-1.10.0.jar because:
  Build cache is disabled
  Caching not enabled.
Caching disabled for InstrumentationAnalysisTransform: /home/runner/.gradle/caches/modules-2/files-2.1/com.google.protobuf/protobuf-java-util/3.19.3/3e6812cbbb7e6faffa7b56438740dec510e1fc1a/protobuf-java-util-3.19.3.jar because:
  Build cache is disabled
  Caching not enabled.
Caching disabled for InstrumentationAnalysisTransform: /home/runner/.gradle/caches/modules-2/files-2.1/io.grpc/grpc-protobuf/1.45.1/480d2a8c2592c7067d2fe9cc773d3a36402bc463/grpc-protobuf-1.45.1.jar because:
  Build cache is disabled
  Caching not enabled.
Caching disabled for InstrumentationAnalysisTransform: /home/runner/.gradle/caches/modules-2/files-2.1/com.google.crypto.tink/tink/1.7.0/668b57f109d32349b2870448f06ae6f202713edc/tink-1.7.0.jar because:
  Build cache is disabled
  Caching not enabled.
Caching disabled for InstrumentationAnalysisTransform: /home/runner/.gradle/caches/modules-2/files-2.1/com.android.tools.analytics-library/protos/31.1.0/99ddc33efcbf4e614f52ac43b718f439e367aae3/protos-31.1.0.jar because:
  Build cache is disabled
  Caching not enabled.
Caching disabled for InstrumentationAnalysisTransform: /home/runner/.gradle/caches/modules-2/files-2.1/com.google.api.grpc/proto-google-common-protos/2.0.1/20827628ea2b9f69ae22987b2aedb0050e9c470d/proto-google-common-protos-2.0.1.jar because:
  Build cache is disabled
  Caching not enabled.
Caching disabled for InstrumentationAnalysisTransform: /home/runner/.gradle/caches/modules-2/files-2.1/com.google.protobuf/protobuf-java/3.19.3/4b57f1b1b9e281231c3fcfc039ce3021e29ff570/protobuf-java-3.19.3.jar because:
  Build cache is disabled
  Caching not enabled.
Caching disabled for InstrumentationAnalysisTransform: /home/runner/.gradle/caches/modules-2/files-2.1/io.grpc/grpc-netty/1.45.1/e2a1bc48548213144f00aa709c4da92626b35cd8/grpc-netty-1.45.1.jar because:
  Build cache is disabled
  Caching not enabled.
Caching disabled for InstrumentationAnalysisTransform: /home/runner/.gradle/caches/modules-2/files-2.1/io.grpc/grpc-core/1.45.1/9d886fc7d591fac00cd1bbd2347ba66efb31ef20/grpc-core-1.45.1.jar because:
  Build cache is disabled
  Caching not enabled.
Caching disabled for InstrumentationAnalysisTransform: /home/runner/.gradle/caches/modules-2/files-2.1/com.google.code.gson/gson/2.8.9/8a432c1d6825781e21a02db2e2c33c5fde2833b9/gson-2.8.9.jar because:
  Build cache is disabled
  Caching not enabled.
Caching disabled for InstrumentationAnalysisTransform: /home/runner/.gradle/caches/modules-2/files-2.1/io.grpc/grpc-stub/1.45.1/3cf1d4ef88808bbabea5d929b78854ccc7f95242/grpc-stub-1.45.1.jar because:
  Build cache is disabled
  Caching not enabled.
Caching disabled for InstrumentationAnalysisTransform: /home/runner/.gradle/caches/modules-2/files-2.1/com.google.testing.platform/core-proto/0.0.8-alpha08/72ca52065789993f2f029b34d797813c467d5d74/core-proto-0.0.8-alpha08.jar because:
  Build cache is disabled
  Caching not enabled.
Caching disabled for InstrumentationAnalysisTransform: /home/runner/.gradle/caches/modules-2/files-2.1/org.tensorflow/tensorflow-lite-metadata/0.1.0-rc2/7aa9b3e16d85c2aae5eff741265315a37c9f731a/tensorflow-lite-metadata-0.1.0-rc2.jar because:
  Build cache is disabled
  Caching not enabled.
Caching disabled for InstrumentationAnalysisTransform: /home/runner/.gradle/caches/modules-2/files-2.1/com.google.flatbuffers/flatbuffers-java/1.12.0/8201cc7b511177a37071249e891f2f2fea4b32e9/flatbuffers-java-1.12.0.jar because:
  Build cache is disabled
  Caching not enabled.
Caching disabled for InstrumentationAnalysisTransform: /home/runner/.gradle/caches/modules-2/files-2.1/com.google.jimfs/jimfs/1.1/8fbd0579dc68aba6186935cc1bee21d2f3e7ec1c/jimfs-1.1.jar because:
  Build cache is disabled
  Caching not enabled.
Caching disabled for InstrumentationAnalysisTransform: /home/runner/.gradle/caches/modules-2/files-2.1/io.grpc/grpc-protobuf-lite/1.45.1/a842605124e6542550b2da550a9acae1443a945/grpc-protobuf-lite-1.45.1.jar because:
  Build cache is disabled
  Caching not enabled.
Caching disabled for InstrumentationAnalysisTransform: /home/runner/.gradle/caches/modules-2/files-2.1/io.grpc/grpc-api/1.45.1/521df70b1f69648d5f418015ee594fc15a065dfc/grpc-api-1.45.1.jar because:
  Build cache is disabled
  Caching not enabled.
Caching disabled for InstrumentationAnalysisTransform: /home/runner/.gradle/caches/modules-2/files-2.1/com.google.guava/guava/31.1-jre/60458f877d055d0c9114d9e1a2efb737b4bc282c/guava-31.1-jre.jar because:
  Build cache is disabled
  Caching not enabled.
Caching disabled for InstrumentationAnalysisTransform: /home/runner/.gradle/caches/modules-2/files-2.1/com.google.dagger/dagger/2.28.3/10d83810ef9e19714116ed518896c90c6606d633/dagger-2.28.3.jar because:
  Build cache is disabled
  Caching not enabled.
Caching disabled for InstrumentationAnalysisTransform: /home/runner/.gradle/caches/modules-2/files-2.1/javax.inject/javax.inject/1/6975da39a7040257bd51d21a231b76c915872d38/javax.inject-1.jar because:
  Build cache is disabled
  Caching not enabled.
Caching disabled for InstrumentationAnalysisTransform: /home/runner/.gradle/caches/modules-2/files-2.1/net.sf.kxml/kxml2/2.3.0/ccbc77a5fd907ef863c29f3596c6f54ffa4e9442/kxml2-2.3.0.jar because:
  Build cache is disabled
  Caching not enabled.
Caching disabled for InstrumentationAnalysisTransform: /home/runner/.gradle/caches/modules-2/files-2.1/org.bouncycastle/bcprov-jdk15on/1.67/8c0998045da87dbc2f1d4b6480458ed811ca7b82/bcprov-jdk15on-1.67.jar because:
  Build cache is disabled
  Caching not enabled.
Caching disabled for InstrumentationAnalysisTransform: /home/runner/.gradle/caches/modules-2/files-2.1/org.jetbrains.intellij.deps/trove4j/1.0.20200330/3afb14d5f9ceb459d724e907a21145e8ff394f02/trove4j-1.0.20200330.jar because:
  Build cache is disabled
  Caching not enabled.
Caching disabled for InstrumentationAnalysisTransform: /home/runner/.gradle/caches/modules-2/files-2.1/org.jetbrains.kotlin/kotlin-reflect/1.8.20-RC2/23853310e93f1c418a827be6fabe6f903addd231/kotlin-reflect-1.8.20-RC2.jar because:
  Build cache is disabled
  Caching not enabled.
Caching disabled for InstrumentationAnalysisTransform: /home/runner/.gradle/caches/modules-2/files-2.1/xerces/xercesImpl/2.12.0/f02c844149fd306601f20e0b34853a670bef7fa2/xercesImpl-2.12.0.jar because:
  Build cache is disabled
  Caching not enabled.
Caching disabled for InstrumentationAnalysisTransform: /home/runner/.gradle/caches/modules-2/files-2.1/org.apache.commons/commons-compress/1.21/4ec95b60d4e86b5c95a0e919cb172a0af98011ef/commons-compress-1.21.jar because:
  Build cache is disabled
  Caching not enabled.
Caching disabled for InstrumentationAnalysisTransform: /home/runner/.gradle/caches/modules-2/files-2.1/org.apache.httpcomponents/httpclient/4.5.13/e5f6cae5ca7ecaac1ec2827a9e2d65ae2869cada/httpclient-4.5.13.jar because:
  Build cache is disabled
  Caching not enabled.
Caching disabled for InstrumentationAnalysisTransform: /home/runner/.gradle/caches/modules-2/files-2.1/org.apache.httpcomponents/httpcore/4.4.15/7f2e0c573eaa7a74bac2e89b359e1f73d92a0a1d/httpcore-4.4.15.jar because:
  Build cache is disabled
  Caching not enabled.
Caching disabled for InstrumentationAnalysisTransform: /home/runner/.gradle/caches/modules-2/files-2.1/com.sun.activation/javax.activation/1.2.0/bf744c1e2776ed1de3c55c8dac1057ec331ef744/javax.activation-1.2.0.jar because:
  Build cache is disabled
  Caching not enabled.
Caching disabled for InstrumentationAnalysisTransform: /home/runner/.gradle/caches/modules-2/files-2.1/org.jetbrains.kotlin/kotlin-stdlib-jdk7/1.8.20-RC2/d100f7cb452c22f937a7bcca2efcc45cc77c7b15/kotlin-stdlib-jdk7-1.8.20-RC2.jar because:
  Build cache is disabled
  Caching not enabled.
Caching disabled for InstrumentationAnalysisTransform: /home/runner/.gradle/caches/modules-2/files-2.1/org.jetbrains.kotlin/kotlin-stdlib/1.8.20-RC2/436a3cf44ea8dc1c65d7a59abda28e232b05d84a/kotlin-stdlib-1.8.20-RC2.jar because:
  Build cache is disabled
  Caching not enabled.
Caching disabled for InstrumentationAnalysisTransform: /home/runner/.gradle/caches/modules-2/files-2.1/org.jetbrains/annotations/13.0/919f0dfe192fb4e063e7dacadee7f8bb9a2672a9/annotations-13.0.jar because:
  Build cache is disabled
  Caching not enabled.
Caching disabled for InstrumentationAnalysisTransform: /home/runner/.gradle/caches/modules-2/files-2.1/com.android/signflinger/8.1.0/13f035dd8e7e470ff8f3216a0b46333187f26df5/signflinger-8.1.0.jar because:
  Build cache is disabled
  Caching not enabled.
Caching disabled for InstrumentationAnalysisTransform: /home/runner/.gradle/caches/modules-2/files-2.1/com.android/zipflinger/8.1.0/b450a19b332659b4190f0af34bc734a7e21d464e/zipflinger-8.1.0.jar because:
  Build cache is disabled
  Caching not enabled.
Caching disabled for InstrumentationAnalysisTransform: /home/runner/.gradle/caches/modules-2/files-2.1/com.android.tools/annotations/31.1.0/d70720d1aed8e56163636f82782985acfe66eba8/annotations-31.1.0.jar because:
  Build cache is disabled
  Caching not enabled.
Caching disabled for InstrumentationAnalysisTransform: /home/runner/.gradle/caches/modules-2/files-2.1/net.java.dev.jna/jna-platform/5.6.0/d18424ffb8bbfd036d71bcaab9b546858f2ef986/jna-platform-5.6.0.jar because:
  Build cache is disabled
  Caching not enabled.
Caching disabled for InstrumentationAnalysisTransform: /home/runner/.gradle/caches/modules-2/files-2.1/com.googlecode.juniversalchardet/juniversalchardet/1.0.3/cd49678784c46aa8789c060538e0154013bb421b/juniversalchardet-1.0.3.jar because:
  Build cache is disabled
  Caching not enabled.
Caching disabled for InstrumentationAnalysisTransform: /home/runner/.gradle/caches/modules-2/files-2.1/javax.annotation/javax.annotation-api/1.3.2/934c04d3cfef185a8008e7bf34331b79730a9d43/javax.annotation-api-1.3.2.jar because:
  Build cache is disabled
  Caching not enabled.
Caching disabled for InstrumentationAnalysisTransform: /home/runner/.gradle/caches/modules-2/files-2.1/org.jvnet.staxex/stax-ex/1.8.1/78011e483a21102fb4858f3e8f269a677e50aa23/stax-ex-1.8.1.jar because:
  Build cache is disabled
  Caching not enabled.
Caching disabled for InstrumentationAnalysisTransform: /home/runner/.gradle/caches/modules-2/files-2.1/jakarta.xml.bind/jakarta.xml.bind-api/2.3.2/8d49996a4338670764d7ca4b85a1c4ccf7fe665d/jakarta.xml.bind-api-2.3.2.jar because:
  Build cache is disabled
  Caching not enabled.
Caching disabled for InstrumentationAnalysisTransform: /home/runner/.gradle/caches/modules-2/files-2.1/org.glassfish.jaxb/txw2/2.3.2/ce5be7da2e442c25ec14c766cb60cb802741727b/txw2-2.3.2.jar because:
  Build cache is disabled
  Caching not enabled.
Caching disabled for InstrumentationAnalysisTransform: /home/runner/.gradle/caches/modules-2/files-2.1/com.sun.istack/istack-commons-runtime/3.0.8/d6a97364045aa6b99bf2d3c566a3f98599c2d296/istack-commons-runtime-3.0.8.jar because:
  Build cache is disabled
  Caching not enabled.
Caching disabled for InstrumentationAnalysisTransform: /home/runner/.gradle/caches/modules-2/files-2.1/jakarta.activation/jakarta.activation-api/1.2.1/562a587face36ec7eff2db7f2fc95425c6602bc1/jakarta.activation-api-1.2.1.jar because:
  Build cache is disabled
  Caching not enabled.
Caching disabled for InstrumentationAnalysisTransform: /home/runner/.gradle/caches/modules-2/files-2.1/com.sun.xml.fastinfoset/FastInfoset/1.2.16/4eb6a0adad553bf759ffe86927df6f3b848c8bea/FastInfoset-1.2.16.jar because:
  Build cache is disabled
  Caching not enabled.
Caching disabled for InstrumentationAnalysisTransform: /home/runner/.gradle/caches/modules-2/files-2.1/com.google.auto.value/auto-value-annotations/1.6.2/ed193d86e0af90cc2342aedbe73c5d86b03fa09b/auto-value-annotations-1.6.2.jar because:
  Build cache is disabled
  Caching not enabled.
Caching disabled for InstrumentationAnalysisTransform: /home/runner/.gradle/caches/modules-2/files-2.1/com.google.errorprone/error_prone_annotations/2.11.0/c5a0ace696d3f8b1c1d8cc036d8c03cc0cbe6b69/error_prone_annotations-2.11.0.jar because:
  Build cache is disabled
  Caching not enabled.
Caching disabled for InstrumentationAnalysisTransform: /home/runner/.gradle/caches/modules-2/files-2.1/org.bitbucket.b_c/jose4j/0.7.0/478ee8518687f9b01f20912fc7edd9d7b46d06da/jose4j-0.7.0.jar because:
  Build cache is disabled
  Caching not enabled.
Caching disabled for InstrumentationAnalysisTransform: /home/runner/.gradle/caches/modules-2/files-2.1/org.slf4j/slf4j-api/1.7.30/b5a4b6d16ab13e34a88fae84c35cd5d68cac922c/slf4j-api-1.7.30.jar because:
  Build cache is disabled
  Caching not enabled.
Caching disabled for InstrumentationAnalysisTransform: /home/runner/.gradle/caches/modules-2/files-2.1/com.google.j2objc/j2objc-annotations/1.3/ba035118bc8bac37d7eff77700720999acd9986d/j2objc-annotations-1.3.jar because:
  Build cache is disabled
  Caching not enabled.
Caching disabled for InstrumentationAnalysisTransform: /home/runner/.gradle/caches/modules-2/files-2.1/com.google.code.findbugs/jsr305/3.0.2/25ea2e8b0c338a877313bd4672d3fe056ea78f0d/jsr305-3.0.2.jar because:
  Build cache is disabled
  Caching not enabled.
Caching disabled for InstrumentationAnalysisTransform: /home/runner/.gradle/caches/modules-2/files-2.1/com.google.android/annotations/4.1.1.4/a1678ba907bf92691d879fef34e1a187038f9259/annotations-4.1.1.4.jar because:
  Build cache is disabled
  Caching not enabled.
Caching disabled for InstrumentationAnalysisTransform: /home/runner/.gradle/caches/modules-2/files-2.1/org.codehaus.mojo/animal-sniffer-annotations/1.19/1536e1a8fd552dc05f12b5f0827fbb2ee3d5a89b/animal-sniffer-annotations-1.19.jar because:
  Build cache is disabled
  Caching not enabled.
Caching disabled for InstrumentationAnalysisTransform: /home/runner/.gradle/caches/modules-2/files-2.1/io.perfmark/perfmark-api/0.23.0/b813b7539fae6550541da8caafd6add86d4e22f/perfmark-api-0.23.0.jar because:
  Build cache is disabled
  Caching not enabled.
Caching disabled for InstrumentationAnalysisTransform: /home/runner/.gradle/caches/modules-2/files-2.1/org.jdom/jdom2/2.0.6/6f14738ec2e9dd0011e343717fa624a10f8aab64/jdom2-2.0.6.jar because:
  Build cache is disabled
  Caching not enabled.
Caching disabled for InstrumentationAnalysisTransform: /home/runner/.gradle/caches/modules-2/files-2.1/io.netty/netty-codec-http2/4.1.72.Final/4b269e666fbace27d2c1efa57703e99b09655822/netty-codec-http2-4.1.72.Final.jar because:
  Build cache is disabled
  Caching not enabled.
Caching disabled for InstrumentationAnalysisTransform: /home/runner/.gradle/caches/modules-2/files-2.1/io.netty/netty-handler-proxy/4.1.72.Final/90de0fe610454d4296052ae36acb8a6a1d0333f1/netty-handler-proxy-4.1.72.Final.jar because:
  Build cache is disabled
  Caching not enabled.
Caching disabled for InstrumentationAnalysisTransform: /home/runner/.gradle/caches/modules-2/files-2.1/org.checkerframework/checker-qual/3.12.0/d5692f0526415fcc6de94bb5bfbd3afd9dd3b3e5/checker-qual-3.12.0.jar because:
  Build cache is disabled
  Caching not enabled.
Caching disabled for InstrumentationAnalysisTransform: /home/runner/.gradle/caches/modules-2/files-2.1/commons-codec/commons-codec/1.11/3acb4705652e16236558f0f4f2192cc33c3bd189/commons-codec-1.11.jar because:
  Build cache is disabled
  Caching not enabled.
Caching disabled for InstrumentationAnalysisTransform: /home/runner/.gradle/caches/modules-2/files-2.1/com.squareup/javawriter/2.5.0/81241ff7078ef14f42ea2a8995fa09c096256e6b/javawriter-2.5.0.jar because:
  Build cache is disabled
  Caching not enabled.
Caching disabled for InstrumentationAnalysisTransform: /home/runner/.gradle/caches/modules-2/files-2.1/com.google.guava/failureaccess/1.0.1/1dcf1de382a0bf95a3d8b0849546c88bac1292c9/failureaccess-1.0.1.jar because:
  Build cache is disabled
  Caching not enabled.
Caching disabled for InstrumentationAnalysisTransform: /home/runner/.gradle/caches/modules-2/files-2.1/com.google.guava/listenablefuture/9999.0-empty-to-avoid-conflict-with-guava/b421526c5f297295adef1c886e5246c39d4ac629/listenablefuture-9999.0-empty-to-avoid-conflict-with-guava.jar because:
  Build cache is disabled
  Caching not enabled.
Caching disabled for InstrumentationAnalysisTransform: /home/runner/.gradle/caches/modules-2/files-2.1/com.android.tools.build/apksig/8.1.0/9125e1bb9607abb6d2d582f6b551360b0258658a/apksig-8.1.0.jar because:
  Build cache is disabled
  Caching not enabled.
Caching disabled for InstrumentationAnalysisTransform: /home/runner/.gradle/caches/modules-2/files-2.1/xml-apis/xml-apis/1.4.01/3789d9fada2d3d458c4ba2de349d48780f381ee3/xml-apis-1.4.01.jar because:
  Build cache is disabled
  Caching not enabled.
Caching disabled for InstrumentationAnalysisTransform: /home/runner/.gradle/caches/modules-2/files-2.1/commons-logging/commons-logging/1.2/4bfc12adfe4842bf07b657f0369c4cb522955686/commons-logging-1.2.jar because:
  Build cache is disabled
  Caching not enabled.
Caching disabled for InstrumentationAnalysisTransform: /home/runner/.gradle/caches/modules-2/files-2.1/net.java.dev.jna/jna/5.6.0/330f2244e9030119ab3030fc3fededc86713d9cc/jna-5.6.0.jar because:
  Build cache is disabled
  Caching not enabled.
Caching disabled for InstrumentationAnalysisTransform: /home/runner/.gradle/caches/modules-2/files-2.1/org.jetbrains.kotlin/kotlin-stdlib-common/1.8.20-RC2/948fe79545343155ae7e6669c40ac9e086170e82/kotlin-stdlib-common-1.8.20-RC2.jar because:
  Build cache is disabled
  Caching not enabled.
Caching disabled for InstrumentationAnalysisTransform: /home/runner/.gradle/caches/modules-2/files-2.1/io.netty/netty-codec-http/4.1.72.Final/a8f062d67303a5e4b2bc2ad48fb4fd8c99108e45/netty-codec-http-4.1.72.Final.jar because:
  Build cache is disabled
  Caching not enabled.
Caching disabled for InstrumentationAnalysisTransform: /home/runner/.gradle/caches/modules-2/files-2.1/io.netty/netty-handler/4.1.72.Final/9feee089fee606c64be90c0332db9aef1f7d8e46/netty-handler-4.1.72.Final.jar because:
  Build cache is disabled
  Caching not enabled.
Caching disabled for InstrumentationAnalysisTransform: /home/runner/.gradle/caches/modules-2/files-2.1/io.grpc/grpc-context/1.45.1/485a08c019cc78914a477b1dfc7052820b8d822c/grpc-context-1.45.1.jar because:
  Build cache is disabled
  Caching not enabled.
Caching disabled for InstrumentationAnalysisTransform: /home/runner/.gradle/caches/modules-2/files-2.1/io.netty/netty-codec-socks/4.1.72.Final/d3bc427b6e2dc4bb6dc9d18d1cc47f8530970a8b/netty-codec-socks-4.1.72.Final.jar because:
  Build cache is disabled
  Caching not enabled.
Caching disabled for InstrumentationAnalysisTransform: /home/runner/.gradle/caches/modules-2/files-2.1/io.netty/netty-codec/4.1.72.Final/613c4019d687db4e9a5532564e442f83c4474ed7/netty-codec-4.1.72.Final.jar because:
  Build cache is disabled
  Caching not enabled.
Caching disabled for InstrumentationAnalysisTransform: /home/runner/.gradle/caches/modules-2/files-2.1/io.netty/netty-transport/4.1.72.Final/99138b436a584879355aca8fe3c64b46227d5d79/netty-transport-4.1.72.Final.jar because:
  Build cache is disabled
  Caching not enabled.
Caching disabled for InstrumentationAnalysisTransform: /home/runner/.gradle/caches/modules-2/files-2.1/io.netty/netty-resolver/4.1.72.Final/4ff458458ea32ed1156086820b624a815fcbf2c0/netty-resolver-4.1.72.Final.jar because:
  Build cache is disabled
  Caching not enabled.
Caching disabled for InstrumentationAnalysisTransform: /home/runner/.gradle/caches/modules-2/files-2.1/io.netty/netty-buffer/4.1.72.Final/f306eec3f79541f9b8af9c471a0d5b63b7996272/netty-buffer-4.1.72.Final.jar because:
  Build cache is disabled
  Caching not enabled.
Caching disabled for InstrumentationAnalysisTransform: /home/runner/.gradle/caches/modules-2/files-2.1/io.netty/netty-common/4.1.72.Final/a55bac9c3af5f59828207b551a96ac19bbfc341e/netty-common-4.1.72.Final.jar because:
  Build cache is disabled
  Caching not enabled.
Caching disabled for InstrumentationAnalysisTransform: /home/runner/.gradle/caches/modules-2/files-2.1/io.netty/netty-tcnative-classes/2.0.46.Final/9937a832d9c19861822d345b48ced388b645aa5f/netty-tcnative-classes-2.0.46.Final.jar because:
  Build cache is disabled
  Caching not enabled.
Caching disabled for MergeInstrumentationAnalysisTransform: /home/runner/.gradle/caches/9.7.1/transforms/56429a98d0e41e05f085863701c39b02/transformed/.gradle-instrumented-classpath.marker because:
  Build cache is disabled
  Caching not enabled.
Caching disabled for MergeInstrumentationAnalysisTransform: /home/runner/.gradle/caches/9.7.1/transforms/0562a0e67f860f86aa968a077573f76b/transformed/analysis/instrumentation-hierarchy.bin because:
  Build cache is disabled
  Caching not enabled.
Caching disabled for MergeInstrumentationAnalysisTransform: /home/runner/.gradle/caches/9.7.1/transforms/56429a98d0e41e05f085863701c39b02/transformed/analysis/instrumentation-hierarchy.bin because:
  Build cache is disabled
  Caching not enabled.
Caching disabled for MergeInstrumentationAnalysisTransform: /home/runner/.gradle/caches/9.7.1/transforms/70742cd2093b58bb29f2cc4460fe84b7/transformed/analysis/instrumentation-hierarchy.bin because:
  Build cache is disabled
  Caching not enabled.
Caching disabled for MergeInstrumentationAnalysisTransform: /home/runner/.gradle/caches/9.7.1/transforms/0562a0e67f860f86aa968a077573f76b/transformed/analysis/instrumentation-dependencies.bin because:
  Build cache is disabled
  Caching not enabled.
Caching disabled for MergeInstrumentationAnalysisTransform: /home/runner/.gradle/caches/9.7.1/transforms/ba4b4d9a2f6e6d08c7e486b60eddace6/transformed/analysis/instrumentation-hierarchy.bin because:
  Build cache is disabled
  Caching not enabled.
Caching disabled for MergeInstrumentationAnalysisTransform: /home/runner/.gradle/caches/9.7.1/transforms/70742cd2093b58bb29f2cc4460fe84b7/transformed/analysis/instrumentation-dependencies.bin because:
  Build cache is disabled
  Caching not enabled.
Caching disabled for MergeInstrumentationAnalysisTransform: /home/runner/.gradle/caches/9.7.1/transforms/56429a98d0e41e05f085863701c39b02/transformed/analysis/instrumentation-dependencies.bin because:
  Build cache is disabled
  Caching not enabled.
Caching disabled for MergeInstrumentationAnalysisTransform: /home/runner/.gradle/caches/9.7.1/transforms/ba4b4d9a2f6e6d08c7e486b60eddace6/transformed/analysis/instrumentation-dependencies.bin because:
  Build cache is disabled
  Caching not enabled.
Caching disabled for MergeInstrumentationAnalysisTransform: /home/runner/.gradle/caches/modules-2/files-2.1/com.android.tools.build/gradle-settings-api/8.1.0/94f32208a0483da77152c31a8b363a52175916a1/gradle-settings-api-8.1.0.jar because:
  Build cache is disabled
  Caching not enabled.
Caching disabled for MergeInstrumentationAnalysisTransform: /home/runner/.gradle/caches/modules-2/files-2.1/com.android.tools.lint/lint-model/31.1.0/2a8baf9946bcb0d2fe3d171930fddd414447926f/lint-model-31.1.0.jar because:
  Build cache is disabled
  Caching not enabled.
Caching disabled for ExternalDependencyInstrumentingArtifactTransform: /home/runner/.gradle/caches/9.7.1/transforms/f9f7a20aca58e21ece4c17e567851c44/transformed/.gradle-instrumented-classpath.marker because:
  Build cache is disabled
  Caching not enabled.
Caching disabled for ExternalDependencyInstrumentingArtifactTransform: /home/runner/.gradle/caches/9.7.1/transforms/4e819010773981992950b3bc05eb43be/transformed/merge/instrumentation-dependencies.bin because:
  Build cache is disabled
  Caching not enabled.
Caching disabled for ExternalDependencyInstrumentingArtifactTransform: /home/runner/.gradle/caches/9.7.1/transforms/f9f7a20aca58e21ece4c17e567851c44/transformed/merge/instrumentation-dependencies.bin because:
  Build cache is disabled
  Caching not enabled.
Caching disabled for MergeInstrumentationAnalysisTransform: /home/runner/.gradle/caches/modules-2/files-2.1/com.android.tools.build/builder/8.1.0/602b620b1ee65828181b543bc1790efdfde39cf/builder-8.1.0.jar because:
  Build cache is disabled
  Caching not enabled.
Caching disabled for ExternalDependencyInstrumentingArtifactTransform: /home/runner/.gradle/caches/9.7.1/transforms/4400a27fd89a07591552ce14b28520c4/transformed/merge/instrumentation-dependencies.bin because:
  Build cache is disabled
  Caching not enabled.
Caching disabled for MergeInstrumentationAnalysisTransform: /home/runner/.gradle/caches/modules-2/files-2.1/com.android.tools.build/gradle/8.1.0/fcd4612dc9b74db28fdb6a4b6a6ddc6008970428/gradle-8.1.0.jar because:
  Build cache is disabled
  Caching not enabled.
Caching disabled for ExternalDependencyInstrumentingArtifactTransform: /home/runner/.gradle/caches/9.7.1/transforms/a6e0ad58c9d24ae951095c56f98fdfb4/transformed/merge/instrumentation-dependencies.bin because:
  Build cache is disabled
  Caching not enabled.
Caching disabled for ExternalDependencyInstrumentingArtifactTransform: /home/runner/.gradle/caches/modules-2/files-2.1/com.android.tools.build/gradle-settings-api/8.1.0/94f32208a0483da77152c31a8b363a52175916a1/gradle-settings-api-8.1.0.jar because:
  Build cache is disabled
  Caching not enabled.
Caching disabled for MergeInstrumentationAnalysisTransform: /home/runner/.gradle/caches/9.7.1/transforms/efdb71dc21517b468083377debf02a51/transformed/analysis/instrumentation-hierarchy.bin because:
  Build cache is disabled
  Caching not enabled.
Caching disabled for MergeInstrumentationAnalysisTransform: /home/runner/.gradle/caches/9.7.1/transforms/efdb71dc21517b468083377debf02a51/transformed/analysis/instrumentation-dependencies.bin because:
  Build cache is disabled
  Caching not enabled.
Caching disabled for MergeInstrumentationAnalysisTransform: /home/runner/.gradle/caches/modules-2/files-2.1/com.android.tools.build/manifest-merger/31.1.0/3ce36db8d2fb98ea746949e1b104d3e96fac9904/manifest-merger-31.1.0.jar because:
  Build cache is disabled
  Caching not enabled.
Caching disabled for ExternalDependencyInstrumentingArtifactTransform: /home/runner/.gradle/caches/9.7.1/transforms/78d61a52b9de73121055641ea9573874/transformed/merge/instrumentation-dependencies.bin because:
  Build cache is disabled
  Caching not enabled.
Caching disabled for ExternalDependencyInstrumentingArtifactTransform: /home/runner/.gradle/caches/modules-2/files-2.1/com.android.tools.lint/lint-model/31.1.0/2a8baf9946bcb0d2fe3d171930fddd414447926f/lint-model-31.1.0.jar because:
  Build cache is disabled
  Caching not enabled.
Caching disabled for MergeInstrumentationAnalysisTransform: /home/runner/.gradle/caches/9.7.1/transforms/020e04ab6d0f0599b91d0e13227cc780/transformed/analysis/instrumentation-hierarchy.bin because:
  Build cache is disabled
  Caching not enabled.
Caching disabled for MergeInstrumentationAnalysisTransform: /home/runner/.gradle/caches/9.7.1/transforms/020e04ab6d0f0599b91d0e13227cc780/transformed/analysis/instrumentation-dependencies.bin because:
  Build cache is disabled
  Caching not enabled.
Caching disabled for MergeInstrumentationAnalysisTransform: /home/runner/.gradle/caches/modules-2/files-2.1/com.android.tools/sdk-common/31.1.0/a7450a5a1fc9574099f661f44dd056637de82dc6/sdk-common-31.1.0.jar because:
  Build cache is disabled
  Caching not enabled.
Caching disabled for ExternalDependencyInstrumentingArtifactTransform: /home/runner/.gradle/caches/9.7.1/transforms/49f2402b5ca02162e42984e7267f93ec/transformed/merge/instrumentation-dependencies.bin because:
  Build cache is disabled
  Caching not enabled.
Caching disabled for ExternalDependencyInstrumentingArtifactTransform: /home/runner/.gradle/caches/modules-2/files-2.1/com.android.tools.build/manifest-merger/31.1.0/3ce36db8d2fb98ea746949e1b104d3e96fac9904/manifest-merger-31.1.0.jar because:
  Build cache is disabled
  Caching not enabled.
Caching disabled for MergeInstrumentationAnalysisTransform: /home/runner/.gradle/caches/9.7.1/transforms/42b12d92a1ad642d2700e92c5184f8f2/transformed/analysis/instrumentation-hierarchy.bin because:
  Build cache is disabled
  Caching not enabled.
Caching disabled for MergeInstrumentationAnalysisTransform: /home/runner/.gradle/caches/9.7.1/transforms/42b12d92a1ad642d2700e92c5184f8f2/transformed/analysis/instrumentation-dependencies.bin because:
  Build cache is disabled
  Caching not enabled.
Caching disabled for MergeInstrumentationAnalysisTransform: /home/runner/.gradle/caches/modules-2/files-2.1/com.android.tools/sdklib/31.1.0/1ee002c6e1a7c207e2f03eba15864479ad8afe6f/sdklib-31.1.0.jar because:
  Build cache is disabled
  Caching not enabled.
Caching disabled for ExternalDependencyInstrumentingArtifactTransform: /home/runner/.gradle/caches/9.7.1/transforms/b1a64c4d09ff21bce1fcfa3544f43907/transformed/merge/instrumentation-dependencies.bin because:
  Build cache is disabled
  Caching not enabled.
Caching disabled for ExternalDependencyInstrumentingArtifactTransform: /home/runner/.gradle/caches/modules-2/files-2.1/com.android.tools/sdklib/31.1.0/1ee002c6e1a7c207e2f03eba15864479ad8afe6f/sdklib-31.1.0.jar because:
  Build cache is disabled
  Caching not enabled.
Caching disabled for MergeInstrumentationAnalysisTransform: /home/runner/.gradle/caches/9.7.1/transforms/0d5431b9fa793322d0412d4f38f31af0/transformed/analysis/instrumentation-hierarchy.bin because:
  Build cache is disabled
  Caching not enabled.
Caching disabled for MergeInstrumentationAnalysisTransform: /home/runner/.gradle/caches/9.7.1/transforms/0d5431b9fa793322d0412d4f38f31af0/transformed/analysis/instrumentation-dependencies.bin because:
  Build cache is disabled
  Caching not enabled.
Caching disabled for MergeInstrumentationAnalysisTransform: /home/runner/.gradle/caches/modules-2/files-2.1/com.android.tools/repository/31.1.0/371ee5bee7cb5fbd24569a2c07944be4ee2b8ce7/repository-31.1.0.jar because:
  Build cache is disabled
  Caching not enabled.
Caching disabled for ExternalDependencyInstrumentingArtifactTransform: /home/runner/.gradle/caches/9.7.1/transforms/37cfd71f4bc6aa6d00b5b6d31cc15ece/transformed/merge/instrumentation-dependencies.bin because:
  Build cache is disabled
  Caching not enabled.
Caching disabled for ExternalDependencyInstrumentingArtifactTransform: /home/runner/.gradle/caches/modules-2/files-2.1/com.android.tools/repository/31.1.0/371ee5bee7cb5fbd24569a2c07944be4ee2b8ce7/repository-31.1.0.jar because:
  Build cache is disabled
  Caching not enabled.
Caching disabled for MergeInstrumentationAnalysisTransform: /home/runner/.gradle/caches/9.7.1/transforms/e7ee2fd4bfca5f455e2eb5b056af98f1/transformed/analysis/instrumentation-hierarchy.bin because:
  Build cache is disabled
  Caching not enabled.
Caching disabled for MergeInstrumentationAnalysisTransform: /home/runner/.gradle/caches/9.7.1/transforms/e7ee2fd4bfca5f455e2eb5b056af98f1/transformed/analysis/instrumentation-dependencies.bin because:
  Build cache is disabled
  Caching not enabled.
Caching disabled for MergeInstrumentationAnalysisTransform: /home/runner/.gradle/caches/modules-2/files-2.1/com.android.tools.build/gradle-api/8.1.0/1aeab1b41ec5589e60d868aac74746400f359f03/gradle-api-8.1.0.jar because:
  Build cache is disabled
  Caching not enabled.
Caching disabled for ExternalDependencyInstrumentingArtifactTransform: /home/runner/.gradle/caches/9.7.1/transforms/5c9d9062fe0cf9fe257aa9e59690c46f/transformed/merge/instrumentation-dependencies.bin because:
  Build cache is disabled
  Caching not enabled.
Caching disabled for ExternalDependencyInstrumentingArtifactTransform: /home/runner/.gradle/caches/modules-2/files-2.1/com.android.tools.build/gradle-api/8.1.0/1aeab1b41ec5589e60d868aac74746400f359f03/gradle-api-8.1.0.jar because:
  Build cache is disabled
  Caching not enabled.
Caching disabled for MergeInstrumentationAnalysisTransform: /home/runner/.gradle/caches/9.7.1/transforms/39ebeb49d95e59e331f77024c8ea5103/transformed/analysis/instrumentation-hierarchy.bin because:
  Build cache is disabled
  Caching not enabled.
Caching disabled for ExternalDependencyInstrumentingArtifactTransform: /home/runner/.gradle/caches/modules-2/files-2.1/com.android.tools/sdk-common/31.1.0/a7450a5a1fc9574099f661f44dd056637de82dc6/sdk-common-31.1.0.jar because:
  Build cache is disabled
  Caching not enabled.
Caching disabled for MergeInstrumentationAnalysisTransform: /home/runner/.gradle/caches/9.7.1/transforms/7cc236b774fa493240a93efb90ce237c/transformed/analysis/instrumentation-hierarchy.bin because:
  Build cache is disabled
  Caching not enabled.
Caching disabled for MergeInstrumentationAnalysisTransform: /home/runner/.gradle/caches/9.7.1/transforms/39ebeb49d95e59e331f77024c8ea5103/transformed/analysis/instrumentation-dependencies.bin because:
  Build cache is disabled
  Caching not enabled.
Caching disabled for MergeInstrumentationAnalysisTransform: /home/runner/.gradle/caches/modules-2/files-2.1/com.android.tools.build/builder-test-api/8.1.0/544697daba5e821497608daa54d2b2cbd6684ce/builder-test-api-8.1.0.jar because:
  Build cache is disabled
  Caching not enabled.
Caching disabled for MergeInstrumentationAnalysisTransform: /home/runner/.gradle/caches/9.7.1/transforms/7cc236b774fa493240a93efb90ce237c/transformed/analysis/instrumentation-dependencies.bin because:
  Build cache is disabled
  Caching not enabled.
Caching disabled for ExternalDependencyInstrumentingArtifactTransform: /home/runner/.gradle/caches/9.7.1/transforms/95f0d8d1b7b00206f3fe7187999d6c4d/transformed/merge/instrumentation-dependencies.bin because:
  Build cache is disabled
  Caching not enabled.
Caching disabled for MergeInstrumentationAnalysisTransform: /home/runner/.gradle/caches/modules-2/files-2.1/com.android.tools.ddms/ddmlib/31.1.0/8c5f283b9aa267c37b9b632484a2ab4ccd1205d7/ddmlib-31.1.0.jar because:
  Build cache is disabled
  Caching not enabled.
Caching disabled for ExternalDependencyInstrumentingArtifactTransform: /home/runner/.gradle/caches/9.7.1/transforms/a717d19d9f3b282f0ffee0e660c30c03/transformed/merge/instrumentation-dependencies.bin because:
  Build cache is disabled
  Caching not enabled.
Caching disabled for ExternalDependencyInstrumentingArtifactTransform: /home/runner/.gradle/caches/modules-2/files-2.1/com.android.tools.build/builder-test-api/8.1.0/544697daba5e821497608daa54d2b2cbd6684ce/builder-test-api-8.1.0.jar because:
  Build cache is disabled
  Caching not enabled.
Caching disabled for MergeInstrumentationAnalysisTransform: /home/runner/.gradle/caches/9.7.1/transforms/4303b634bd38a7f69fcebe1ba938c32d/transformed/analysis/instrumentation-hierarchy.bin because:
  Build cache is disabled
  Caching not enabled.
Caching disabled for MergeInstrumentationAnalysisTransform: /home/runner/.gradle/caches/9.7.1/transforms/4303b634bd38a7f69fcebe1ba938c32d/transformed/analysis/instrumentation-dependencies.bin because:
  Build cache is disabled
  Caching not enabled.
Caching disabled for MergeInstrumentationAnalysisTransform: /home/runner/.gradle/caches/modules-2/files-2.1/com.android.tools.build/aaptcompiler/8.1.0/3bdf36820041ab51fe1b45b165cfd395d11effcc/aaptcompiler-8.1.0.jar because:
  Build cache is disabled
  Caching not enabled.
Caching disabled for ExternalDependencyInstrumentingArtifactTransform: /home/runner/.gradle/caches/9.7.1/transforms/9d890d9e7dd47acb95a55c413463714e/transformed/merge/instrumentation-dependencies.bin because:
  Build cache is disabled
  Caching not enabled.
Caching disabled for ExternalDependencyInstrumentingArtifactTransform: /home/runner/.gradle/caches/modules-2/files-2.1/com.android.tools.build/aaptcompiler/8.1.0/3bdf36820041ab51fe1b45b165cfd395d11effcc/aaptcompiler-8.1.0.jar because:
  Build cache is disabled
  Caching not enabled.
Caching disabled for MergeInstrumentationAnalysisTransform: /home/runner/.gradle/caches/9.7.1/transforms/bc80d12f286d4b0003bd7bdf583022f3/transformed/analysis/instrumentation-hierarchy.bin because:
  Build cache is disabled
  Caching not enabled.
Caching disabled for MergeInstrumentationAnalysisTransform: /home/runner/.gradle/caches/9.7.1/transforms/bc80d12f286d4b0003bd7bdf583022f3/transformed/analysis/instrumentation-dependencies.bin because:
  Build cache is disabled
  Caching not enabled.
Caching disabled for MergeInstrumentationAnalysisTransform: /home/runner/.gradle/caches/modules-2/files-2.1/com.android.tools.build/bundletool/1.14.0/2fcb426b5e62cc6e879369fdbbe915bb0a43c3e1/bundletool-1.14.0.jar because:
  Build cache is disabled
  Caching not enabled.
Caching disabled for ExternalDependencyInstrumentingArtifactTransform: /home/runner/.gradle/caches/9.7.1/transforms/78dd7574929fb73e40340f340e5b3fab/transformed/merge/instrumentation-dependencies.bin because:
  Build cache is disabled
  Caching not enabled.
Caching disabled for ExternalDependencyInstrumentingArtifactTransform: /home/runner/.gradle/caches/modules-2/files-2.1/com.android.tools.ddms/ddmlib/31.1.0/8c5f283b9aa267c37b9b632484a2ab4ccd1205d7/ddmlib-31.1.0.jar because:
  Build cache is disabled
  Caching not enabled.
Caching disabled for MergeInstrumentationAnalysisTransform: /home/runner/.gradle/caches/9.7.1/transforms/c9a597fceedc9cb55c0ac7cccec9aaf4/transformed/analysis/instrumentation-hierarchy.bin because:
  Build cache is disabled
  Caching not enabled.
Caching disabled for MergeInstrumentationAnalysisTransform: /home/runner/.gradle/caches/9.7.1/transforms/c9a597fceedc9cb55c0ac7cccec9aaf4/transformed/analysis/instrumentation-dependencies.bin because:
  Build cache is disabled
  Caching not enabled.
Caching disabled for MergeInstrumentationAnalysisTransform: /home/runner/.gradle/caches/modules-2/files-2.1/com.android.tools.build/aapt2-proto/8.1.0-10154469/49bcae5918bf1f4a4177b33d44473055d9e5fe1c/aapt2-proto-8.1.0-10154469.jar because:
  Build cache is disabled
  Caching not enabled.
Caching disabled for ExternalDependencyInstrumentingArtifactTransform: /home/runner/.gradle/caches/9.7.1/transforms/3d5c2634ef1eb08ac732ee7b3e2fdd95/transformed/merge/instrumentation-dependencies.bin because:
  Build cache is disabled
  Caching not enabled.
Caching disabled for ExternalDependencyInstrumentingArtifactTransform: /home/runner/.gradle/caches/modules-2/files-2.1/com.android.tools.build/aapt2-proto/8.1.0-10154469/49bcae5918bf1f4a4177b33d44473055d9e5fe1c/aapt2-proto-8.1.0-10154469.jar because:
  Build cache is disabled
  Caching not enabled.
Caching disabled for MergeInstrumentationAnalysisTransform: /home/runner/.gradle/caches/9.7.1/transforms/4523f494f91715c017351437128b7dc7/transformed/analysis/instrumentation-hierarchy.bin because:
  Build cache is disabled
  Caching not enabled.
Caching disabled for MergeInstrumentationAnalysisTransform: /home/runner/.gradle/caches/9.7.1/transforms/4523f494f91715c017351437128b7dc7/transformed/analysis/instrumentation-dependencies.bin because:
  Build cache is disabled
  Caching not enabled.
Caching disabled for MergeInstrumentationAnalysisTransform: /home/runner/.gradle/caches/modules-2/files-2.1/com.android.tools.analytics-library/crash/31.1.0/745eed5bd3b46fecd9a285aaf033e64b570b1d68/crash-31.1.0.jar because:
  Build cache is disabled
  Caching not enabled.
Caching disabled for ExternalDependencyInstrumentingArtifactTransform: /home/runner/.gradle/caches/9.7.1/transforms/b99678a7c4bcffc546d475a79e0331e4/transformed/merge/instrumentation-dependencies.bin because:
  Build cache is disabled
  Caching not enabled.
Caching disabled for ExternalDependencyInstrumentingArtifactTransform: /home/runner/.gradle/caches/modules-2/files-2.1/com.android.tools.analytics-library/crash/31.1.0/745eed5bd3b46fecd9a285aaf033e64b570b1d68/crash-31.1.0.jar because:
  Build cache is disabled
  Caching not enabled.
Caching disabled for MergeInstrumentationAnalysisTransform: /home/runner/.gradle/caches/9.7.1/transforms/f233024b5d77f6f33812d9d55d2e1eb2/transformed/analysis/instrumentation-hierarchy.bin because:
  Build cache is disabled
  Caching not enabled.
Caching disabled for MergeInstrumentationAnalysisTransform: /home/runner/.gradle/caches/9.7.1/transforms/f233024b5d77f6f33812d9d55d2e1eb2/transformed/analysis/instrumentation-dependencies.bin because:
  Build cache is disabled
  Caching not enabled.
Caching disabled for MergeInstrumentationAnalysisTransform: /home/runner/.gradle/caches/modules-2/files-2.1/com.android.tools.analytics-library/tracker/31.1.0/4defc338e33c908b6910577a18b4000987325e9f/tracker-31.1.0.jar because:
  Build cache is disabled
  Caching not enabled.
Caching disabled for ExternalDependencyInstrumentingArtifactTransform: /home/runner/.gradle/caches/9.7.1/transforms/06e6f8d27bfcbb54e6d486a45f31d313/transformed/merge/instrumentation-dependencies.bin because:
  Build cache is disabled
  Caching not enabled.
Caching disabled for ExternalDependencyInstrumentingArtifactTransform: /home/runner/.gradle/caches/modules-2/files-2.1/com.android.tools.analytics-library/tracker/31.1.0/4defc338e33c908b6910577a18b4000987325e9f/tracker-31.1.0.jar because:
  Build cache is disabled
  Caching not enabled.
Caching disabled for MergeInstrumentationAnalysisTransform: /home/runner/.gradle/caches/9.7.1/transforms/09cd74e523655936a0a5a2d5207a6a65/transformed/analysis/instrumentation-hierarchy.bin because:
  Build cache is disabled
  Caching not enabled.
Caching disabled for MergeInstrumentationAnalysisTransform: /home/runner/.gradle/caches/9.7.1/transforms/09cd74e523655936a0a5a2d5207a6a65/transformed/analysis/instrumentation-dependencies.bin because:
  Build cache is disabled
  Caching not enabled.
Caching disabled for MergeInstrumentationAnalysisTransform: /home/runner/.gradle/caches/modules-2/files-2.1/com.android.tools.analytics-library/shared/31.1.0/2f264944222d494cc74fa2feb2b13e08f4b61c7/shared-31.1.0.jar because:
  Build cache is disabled
  Caching not enabled.
Caching disabled for ExternalDependencyInstrumentingArtifactTransform: /home/runner/.gradle/caches/9.7.1/transforms/75912198d0e6af6a3ed0edeaa26031dc/transformed/merge/instrumentation-dependencies.bin because:
  Build cache is disabled
  Caching not enabled.
Caching disabled for ExternalDependencyInstrumentingArtifactTransform: /home/runner/.gradle/caches/modules-2/files-2.1/com.android.tools.analytics-library/shared/31.1.0/2f264944222d494cc74fa2feb2b13e08f4b61c7/shared-31.1.0.jar because:
  Build cache is disabled
  Caching not enabled.
Caching disabled for MergeInstrumentationAnalysisTransform: /home/runner/.gradle/caches/9.7.1/transforms/60383e2efd02ed71272ae716fbb83146/transformed/analysis/instrumentation-hierarchy.bin because:
  Build cache is disabled
  Caching not enabled.
Caching disabled for MergeInstrumentationAnalysisTransform: /home/runner/.gradle/caches/9.7.1/transforms/60383e2efd02ed71272ae716fbb83146/transformed/analysis/instrumentation-dependencies.bin because:
  Build cache is disabled
  Caching not enabled.
Caching disabled for MergeInstrumentationAnalysisTransform: /home/runner/.gradle/caches/modules-2/files-2.1/com.android.tools.lint/lint-typedef-remover/31.1.0/644ab9b8a697ba83702c4e32eaaf95c504e1a522/lint-typedef-remover-31.1.0.jar because:
  Build cache is disabled
  Caching not enabled.
Caching disabled for ExternalDependencyInstrumentingArtifactTransform: /home/runner/.gradle/caches/9.7.1/transforms/ec37b9a77dcaa2af097686173a44d7b2/transformed/merge/instrumentation-dependencies.bin because:
  Build cache is disabled
  Caching not enabled.
Caching disabled for ExternalDependencyInstrumentingArtifactTransform: /home/runner/.gradle/caches/modules-2/files-2.1/com.android.tools.lint/lint-typedef-remover/31.1.0/644ab9b8a697ba83702c4e32eaaf95c504e1a522/lint-typedef-remover-31.1.0.jar because:
  Build cache is disabled
  Caching not enabled.
Caching disabled for MergeInstrumentationAnalysisTransform: /home/runner/.gradle/caches/9.7.1/transforms/6322230c806a4fdd2dd62fedeca9872d/transformed/analysis/instrumentation-hierarchy.bin because:
  Build cache is disabled
  Caching not enabled.
Caching disabled for MergeInstrumentationAnalysisTransform: /home/runner/.gradle/caches/9.7.1/transforms/6322230c806a4fdd2dd62fedeca9872d/transformed/analysis/instrumentation-dependencies.bin because:
  Build cache is disabled
  Caching not enabled.
Caching disabled for MergeInstrumentationAnalysisTransform: /home/runner/.gradle/caches/modules-2/files-2.1/androidx.databinding/databinding-compiler-common/8.1.0/a1c7a90144aedb0b918534ea90f928e18855264b/databinding-compiler-common-8.1.0.jar because:
  Build cache is disabled
  Caching not enabled.
Caching disabled for ExternalDependencyInstrumentingArtifactTransform: /home/runner/.gradle/caches/9.7.1/transforms/956b83c891cc38bd1aabb5e5cd920fb5/transformed/merge/instrumentation-dependencies.bin because:
  Build cache is disabled
  Caching not enabled.
Caching disabled for ExternalDependencyInstrumentingArtifactTransform: /home/runner/.gradle/caches/modules-2/files-2.1/androidx.databinding/databinding-compiler-common/8.1.0/a1c7a90144aedb0b918534ea90f928e18855264b/databinding-compiler-common-8.1.0.jar because:
  Build cache is disabled
  Caching not enabled.
Caching disabled for MergeInstrumentationAnalysisTransform: /home/runner/.gradle/caches/9.7.1/transforms/1acac507200f188a43c65b154f376693/transformed/analysis/instrumentation-hierarchy.bin because:
  Build cache is disabled
  Caching not enabled.
Caching disabled for MergeInstrumentationAnalysisTransform: /home/runner/.gradle/caches/9.7.1/transforms/1acac507200f188a43c65b154f376693/transformed/analysis/instrumentation-dependencies.bin because:
  Build cache is disabled
  Caching not enabled.
Caching disabled for MergeInstrumentationAnalysisTransform: /home/runner/.gradle/caches/modules-2/files-2.1/androidx.databinding/databinding-common/8.1.0/2be3530b78477835e69dce953b17adc1dbc5c6fa/databinding-common-8.1.0.jar because:
  Build cache is disabled
  Caching not enabled.
Caching disabled for ExternalDependencyInstrumentingArtifactTransform: /home/runner/.gradle/caches/9.7.1/transforms/75b2b114b20a7b991e0a657419d71dbd/transformed/merge/instrumentation-dependencies.bin because:
  Build cache is disabled
  Caching not enabled.
Caching disabled for ExternalDependencyInstrumentingArtifactTransform: /home/runner/.gradle/caches/modules-2/files-2.1/androidx.databinding/databinding-common/8.1.0/2be3530b78477835e69dce953b17adc1dbc5c6fa/databinding-common-8.1.0.jar because:
  Build cache is disabled
  Caching not enabled.
Caching disabled for MergeInstrumentationAnalysisTransform: /home/runner/.gradle/caches/9.7.1/transforms/7e16f79378ce5c3962abe263271cc62d/transformed/analysis/instrumentation-hierarchy.bin because:
  Build cache is disabled
  Caching not enabled.
Caching disabled for MergeInstrumentationAnalysisTransform: /home/runner/.gradle/caches/9.7.1/transforms/7e16f79378ce5c3962abe263271cc62d/transformed/analysis/instrumentation-dependencies.bin because:
  Build cache is disabled
  Caching not enabled.
Caching disabled for MergeInstrumentationAnalysisTransform: /home/runner/.gradle/caches/modules-2/files-2.1/com.android.databinding/baseLibrary/8.1.0/7e7399239e52d4069896277615e005add7ae8e5a/baseLibrary-8.1.0.jar because:
  Build cache is disabled
  Caching not enabled.
Caching disabled for ExternalDependencyInstrumentingArtifactTransform: /home/runner/.gradle/caches/9.7.1/transforms/77a6b02d3239c0e6b3e6b8149bb1e18f/transformed/merge/instrumentation-dependencies.bin because:
  Build cache is disabled
  Caching not enabled.
Caching disabled for ExternalDependencyInstrumentingArtifactTransform: /home/runner/.gradle/caches/modules-2/files-2.1/com.android.databinding/baseLibrary/8.1.0/7e7399239e52d4069896277615e005add7ae8e5a/baseLibrary-8.1.0.jar because:
  Build cache is disabled
  Caching not enabled.
Caching disabled for MergeInstrumentationAnalysisTransform: /home/runner/.gradle/caches/9.7.1/transforms/75fee50066515baa25c0380763feeafc/transformed/analysis/instrumentation-hierarchy.bin because:
  Build cache is disabled
  Caching not enabled.
Caching disabled for MergeInstrumentationAnalysisTransform: /home/runner/.gradle/caches/9.7.1/transforms/75fee50066515baa25c0380763feeafc/transformed/analysis/instrumentation-dependencies.bin because:
  Build cache is disabled
  Caching not enabled.
Caching disabled for MergeInstrumentationAnalysisTransform: /home/runner/.gradle/caches/modules-2/files-2.1/com.android.tools.layoutlib/layoutlib-api/31.1.0/3803332e9fa1f20ac5b4368c54fa9ba830a4e49f/layoutlib-api-31.1.0.jar because:
  Build cache is disabled
  Caching not enabled.
Caching disabled for ExternalDependencyInstrumentingArtifactTransform: /home/runner/.gradle/caches/9.7.1/transforms/acf6c00653c58a355a366fee98dac853/transformed/merge/instrumentation-dependencies.bin because:
  Build cache is disabled
  Caching not enabled.
Caching disabled for ExternalDependencyInstrumentingArtifactTransform: /home/runner/.gradle/caches/modules-2/files-2.1/com.android.tools.build/builder/8.1.0/602b620b1ee65828181b543bc1790efdfde39cf/builder-8.1.0.jar because:
  Build cache is disabled
  Caching not enabled.
Caching disabled for MergeInstrumentationAnalysisTransform: /home/runner/.gradle/caches/9.7.1/transforms/08a26a0c85a8f1e2c84743ecd2852cdc/transformed/analysis/instrumentation-hierarchy.bin because:
  Build cache is disabled
  Caching not enabled.
Caching disabled for MergeInstrumentationAnalysisTransform: /home/runner/.gradle/caches/9.7.1/transforms/08a26a0c85a8f1e2c84743ecd2852cdc/transformed/analysis/instrumentation-dependencies.bin because:
  Build cache is disabled
  Caching not enabled.
Caching disabled for MergeInstrumentationAnalysisTransform: /home/runner/.gradle/caches/modules-2/files-2.1/com.android.tools.utp/android-device-provider-ddmlib-proto/31.1.0/70f460be43fe32ed535b1d34a9966ac955191ce1/android-device-provider-ddmlib-proto-31.1.0.jar because:
  Build cache is disabled
  Caching not enabled.
Caching disabled for ExternalDependencyInstrumentingArtifactTransform: /home/runner/.gradle/caches/9.7.1/transforms/2a79088646fb4364424179ec890e82ed/transformed/merge/instrumentation-dependencies.bin because:
  Build cache is disabled
  Caching not enabled.
Caching disabled for ExternalDependencyInstrumentingArtifactTransform: /home/runner/.gradle/caches/modules-2/files-2.1/com.android.tools.utp/android-device-provider-ddmlib-proto/31.1.0/70f460be43fe32ed535b1d34a9966ac955191ce1/android-device-provider-ddmlib-proto-31.1.0.jar because:
  Build cache is disabled
  Caching not enabled.
Caching disabled for MergeInstrumentationAnalysisTransform: /home/runner/.gradle/caches/9.7.1/transforms/eaefd5554b50ad707b9bd3f0d6ec592c/transformed/analysis/instrumentation-hierarchy.bin because:
  Build cache is disabled
  Caching not enabled.
Caching disabled for ExternalDependencyInstrumentingArtifactTransform: /home/runner/.gradle/caches/modules-2/files-2.1/com.android.tools.layoutlib/layoutlib-api/31.1.0/3803332e9fa1f20ac5b4368c54fa9ba830a4e49f/layoutlib-api-31.1.0.jar because:
  Build cache is disabled
  Caching not enabled.
Caching disabled for MergeInstrumentationAnalysisTransform: /home/runner/.gradle/caches/9.7.1/transforms/eaefd5554b50ad707b9bd3f0d6ec592c/transformed/analysis/instrumentation-dependencies.bin because:
  Build cache is disabled
  Caching not enabled.
Caching disabled for MergeInstrumentationAnalysisTransform: /home/runner/.gradle/caches/9.7.1/transforms/96e2c0337effd9ab4a94eef3b4d6c187/transformed/analysis/instrumentation-hierarchy.bin because:
  Build cache is disabled
  Caching not enabled.
Caching disabled for MergeInstrumentationAnalysisTransform: /home/runner/.gradle/caches/9.7.1/transforms/96e2c0337effd9ab4a94eef3b4d6c187/transformed/analysis/instrumentation-dependencies.bin because:
  Build cache is disabled
  Caching not enabled.
Caching disabled for MergeInstrumentationAnalysisTransform: /home/runner/.gradle/caches/modules-2/files-2.1/com.android.tools.utp/android-device-provider-gradle-proto/31.1.0/622ec6748a5fd9804d1f1a1239826cbd73a960bc/android-device-provider-gradle-proto-31.1.0.jar because:
  Build cache is disabled
  Caching not enabled.
Caching disabled for ExternalDependencyInstrumentingArtifactTransform: /home/runner/.gradle/caches/9.7.1/transforms/a2818dfa1f861d6fa560118824d599db/transformed/merge/instrumentation-dependencies.bin because:
  Build cache is disabled
  Caching not enabled.
Caching disabled for ExternalDependencyInstrumentingArtifactTransform: /home/runner/.gradle/caches/modules-2/files-2.1/com.android.tools.utp/android-device-provider-gradle-proto/31.1.0/622ec6748a5fd9804d1f1a1239826cbd73a960bc/android-device-provider-gradle-proto-31.1.0.jar because:
  Build cache is disabled
  Caching not enabled.
Caching disabled for MergeInstrumentationAnalysisTransform: /home/runner/.gradle/caches/9.7.1/transforms/2d24405ee2166937ee95bc12212e2364/transformed/analysis/instrumentation-hierarchy.bin because:
  Build cache is disabled
  Caching not enabled.
Caching disabled for MergeInstrumentationAnalysisTransform: /home/runner/.gradle/caches/9.7.1/transforms/2d24405ee2166937ee95bc12212e2364/transformed/analysis/instrumentation-dependencies.bin because:
  Build cache is disabled
  Caching not enabled.
Caching disabled for MergeInstrumentationAnalysisTransform: /home/runner/.gradle/caches/modules-2/files-2.1/com.android.tools.utp/android-test-plugin-host-coverage-proto/31.1.0/7b3dfe6654185ce95c2e815c3dcbc488a3ea567e/android-test-plugin-host-coverage-proto-31.1.0.jar because:
  Build cache is disabled
  Caching not enabled.
Caching disabled for ExternalDependencyInstrumentingArtifactTransform: /home/runner/.gradle/caches/9.7.1/transforms/cae76a7460f9ba90558aa238429a1894/transformed/merge/instrumentation-dependencies.bin because:
  Build cache is disabled
  Caching not enabled.
Caching disabled for ExternalDependencyInstrumentingArtifactTransform: /home/runner/.gradle/caches/modules-2/files-2.1/com.android.tools.utp/android-test-plugin-host-coverage-proto/31.1.0/7b3dfe6654185ce95c2e815c3dcbc488a3ea567e/android-test-plugin-host-coverage-proto-31.1.0.jar because:
  Build cache is disabled
  Caching not enabled.
Caching disabled for MergeInstrumentationAnalysisTransform: /home/runner/.gradle/caches/9.7.1/transforms/95f2fc23360d4925149d2f77e402ac32/transformed/analysis/instrumentation-hierarchy.bin because:
  Build cache is disabled
  Caching not enabled.
Caching disabled for MergeInstrumentationAnalysisTransform: /home/runner/.gradle/caches/9.7.1/transforms/95f2fc23360d4925149d2f77e402ac32/transformed/analysis/instrumentation-dependencies.bin because:
  Build cache is disabled
  Caching not enabled.
Caching disabled for MergeInstrumentationAnalysisTransform: /home/runner/.gradle/caches/modules-2/files-2.1/com.android.tools.utp/android-test-plugin-host-emulator-control-proto/31.1.0/11cb514e23daa4b9e3b8bd395014aa58ada6bcec/android-test-plugin-host-emulator-control-proto-31.1.0.jar because:
  Build cache is disabled
  Caching not enabled.
Caching disabled for ExternalDependencyInstrumentingArtifactTransform: /home/runner/.gradle/caches/9.7.1/transforms/76296c12c6cb09d9765a7f57b8a5cae0/transformed/merge/instrumentation-dependencies.bin because:
  Build cache is disabled
  Caching not enabled.
Caching disabled for ExternalDependencyInstrumentingArtifactTransform: /home/runner/.gradle/caches/modules-2/files-2.1/com.android.tools.utp/android-test-plugin-host-emulator-control-proto/31.1.0/11cb514e23daa4b9e3b8bd395014aa58ada6bcec/android-test-plugin-host-emulator-control-proto-31.1.0.jar because:
  Build cache is disabled
  Caching not enabled.
Caching disabled for MergeInstrumentationAnalysisTransform: /home/runner/.gradle/caches/9.7.1/transforms/6f8b1d9eccd27942e7f01d8fabe54630/transformed/analysis/instrumentation-hierarchy.bin because:
  Build cache is disabled
  Caching not enabled.
Caching disabled for MergeInstrumentationAnalysisTransform: /home/runner/.gradle/caches/9.7.1/transforms/6f8b1d9eccd27942e7f01d8fabe54630/transformed/analysis/instrumentation-dependencies.bin because:
  Build cache is disabled
  Caching not enabled.
Caching disabled for MergeInstrumentationAnalysisTransform: /home/runner/.gradle/caches/modules-2/files-2.1/com.android.tools.utp/android-test-plugin-host-logcat-proto/31.1.0/fd1c47673952b6b7a50173005322d40a3a106604/android-test-plugin-host-logcat-proto-31.1.0.jar because:
  Build cache is disabled
  Caching not enabled.
Caching disabled for ExternalDependencyInstrumentingArtifactTransform: /home/runner/.gradle/caches/9.7.1/transforms/53662682047b91d05f234a9f3812b454/transformed/merge/instrumentation-dependencies.bin because:
  Build cache is disabled
  Caching not enabled.
Caching disabled for ExternalDependencyInstrumentingArtifactTransform: /home/runner/.gradle/caches/modules-2/files-2.1/com.android.tools.utp/android-test-plugin-host-logcat-proto/31.1.0/fd1c47673952b6b7a50173005322d40a3a106604/android-test-plugin-host-logcat-proto-31.1.0.jar because:
  Build cache is disabled
  Caching not enabled.
Caching disabled for MergeInstrumentationAnalysisTransform: /home/runner/.gradle/caches/9.7.1/transforms/a27f2493d317bf43942669cf79988874/transformed/analysis/instrumentation-hierarchy.bin because:
  Build cache is disabled
  Caching not enabled.
Caching disabled for MergeInstrumentationAnalysisTransform: /home/runner/.gradle/caches/9.7.1/transforms/a27f2493d317bf43942669cf79988874/transformed/analysis/instrumentation-dependencies.bin because:
  Build cache is disabled
  Caching not enabled.
Caching disabled for MergeInstrumentationAnalysisTransform: /home/runner/.gradle/caches/modules-2/files-2.1/com.android.tools.utp/android-test-plugin-host-apk-installer-proto/31.1.0/c14a7d0b4e1166a2035b26be175fcd52ce167844/android-test-plugin-host-apk-installer-proto-31.1.0.jar because:
  Build cache is disabled
  Caching not enabled.
Caching disabled for ExternalDependencyInstrumentingArtifactTransform: /home/runner/.gradle/caches/9.7.1/transforms/e824b007fd683b934156b635ada22351/transformed/merge/instrumentation-dependencies.bin because:
  Build cache is disabled
  Caching not enabled.
Caching disabled for ExternalDependencyInstrumentingArtifactTransform: /home/runner/.gradle/caches/modules-2/files-2.1/com.android.tools.utp/android-test-plugin-host-apk-installer-proto/31.1.0/c14a7d0b4e1166a2035b26be175fcd52ce167844/android-test-plugin-host-apk-installer-proto-31.1.0.jar because:
  Build cache is disabled
  Caching not enabled.
Caching disabled for MergeInstrumentationAnalysisTransform: /home/runner/.gradle/caches/9.7.1/transforms/cc993351f31e514c8b4f82b9e8d3e074/transformed/analysis/instrumentation-hierarchy.bin because:
  Build cache is disabled
  Caching not enabled.
Caching disabled for MergeInstrumentationAnalysisTransform: /home/runner/.gradle/caches/9.7.1/transforms/cc993351f31e514c8b4f82b9e8d3e074/transformed/analysis/instrumentation-dependencies.bin because:
  Build cache is disabled
  Caching not enabled.
Caching disabled for MergeInstrumentationAnalysisTransform: /home/runner/.gradle/caches/modules-2/files-2.1/com.android.tools.utp/android-test-plugin-host-retention-proto/31.1.0/4319b864edee0328f75afbc17ac4ae8997679420/android-test-plugin-host-retention-proto-31.1.0.jar because:
  Build cache is disabled
  Caching not enabled.
Caching disabled for ExternalDependencyInstrumentingArtifactTransform: /home/runner/.gradle/caches/9.7.1/transforms/dc2d75cfcfff45d7e6d3325aad83e783/transformed/merge/instrumentation-dependencies.bin because:
  Build cache is disabled
  Caching not enabled.
Caching disabled for ExternalDependencyInstrumentingArtifactTransform: /home/runner/.gradle/caches/modules-2/files-2.1/com.android.tools.utp/android-test-plugin-host-retention-proto/31.1.0/4319b864edee0328f75afbc17ac4ae8997679420/android-test-plugin-host-retention-proto-31.1.0.jar because:
  Build cache is disabled
  Caching not enabled.
Caching disabled for MergeInstrumentationAnalysisTransform: /home/runner/.gradle/caches/9.7.1/transforms/b81603082c991b1742ef023ae0d41fcf/transformed/analysis/instrumentation-hierarchy.bin because:
  Build cache is disabled
  Caching not enabled.
Caching disabled for MergeInstrumentationAnalysisTransform: /home/runner/.gradle/caches/9.7.1/transforms/b81603082c991b1742ef023ae0d41fcf/transformed/analysis/instrumentation-dependencies.bin because:
  Build cache is disabled
  Caching not enabled.
Caching disabled for MergeInstrumentationAnalysisTransform: /home/runner/.gradle/caches/modules-2/files-2.1/com.android.tools.utp/android-test-plugin-result-listener-gradle-proto/31.1.0/12e0c415c599bd8768dc1e3db076bbe921db1e08/android-test-plugin-result-listener-gradle-proto-31.1.0.jar because:
  Build cache is disabled
  Caching not enabled.
Caching disabled for ExternalDependencyInstrumentingArtifactTransform: /home/runner/.gradle/caches/9.7.1/transforms/4da82836868e1f481fdf267b05a25d60/transformed/merge/instrumentation-dependencies.bin because:
  Build cache is disabled
  Caching not enabled.
Caching disabled for ExternalDependencyInstrumentingArtifactTransform: /home/runner/.gradle/caches/modules-2/files-2.1/com.android.tools.utp/android-test-plugin-result-listener-gradle-proto/31.1.0/12e0c415c599bd8768dc1e3db076bbe921db1e08/android-test-plugin-result-listener-gradle-proto-31.1.0.jar because:
  Build cache is disabled
  Caching not enabled.
Caching disabled for MergeInstrumentationAnalysisTransform: /home/runner/.gradle/caches/9.7.1/transforms/d68c99df65ffdafd80a36f8541ca0660/transformed/analysis/instrumentation-hierarchy.bin because:
  Build cache is disabled
  Caching not enabled.
Caching disabled for MergeInstrumentationAnalysisTransform: /home/runner/.gradle/caches/9.7.1/transforms/d68c99df65ffdafd80a36f8541ca0660/transformed/analysis/instrumentation-dependencies.bin because:
  Build cache is disabled
  Caching not enabled.
Caching disabled for MergeInstrumentationAnalysisTransform: /home/runner/.gradle/caches/modules-2/files-2.1/com.android.tools.build/builder-model/8.1.0/daa3c68c4610cdbfdd38f5681d11865190a65389/builder-model-8.1.0.jar because:
  Build cache is disabled
  Caching not enabled.
Caching disabled for ExternalDependencyInstrumentingArtifactTransform: /home/runner/.gradle/caches/9.7.1/transforms/4b9980659bbc40c6140ba7a764db19fa/transformed/merge/instrumentation-dependencies.bin because:
  Build cache is disabled
  Caching not enabled.
Caching disabled for ExternalDependencyInstrumentingArtifactTransform: /home/runner/.gradle/caches/modules-2/files-2.1/com.android.tools.build/builder-model/8.1.0/daa3c68c4610cdbfdd38f5681d11865190a65389/builder-model-8.1.0.jar because:
  Build cache is disabled
  Caching not enabled.
Caching disabled for MergeInstrumentationAnalysisTransform: /home/runner/.gradle/caches/9.7.1/transforms/d481f36bcca5c9b1932013b4e7c4153d/transformed/analysis/instrumentation-hierarchy.bin because:
  Build cache is disabled
  Caching not enabled.
Caching disabled for MergeInstrumentationAnalysisTransform: /home/runner/.gradle/caches/9.7.1/transforms/d481f36bcca5c9b1932013b4e7c4153d/transformed/analysis/instrumentation-dependencies.bin because:
  Build cache is disabled
  Caching not enabled.
Caching disabled for MergeInstrumentationAnalysisTransform: /home/runner/.gradle/caches/modules-2/files-2.1/com.android.tools/dvlib/31.1.0/73f9e701a49ce55a5efc5ade01238f5fa9b2655d/dvlib-31.1.0.jar because:
  Build cache is disabled
  Caching not enabled.
Caching disabled for ExternalDependencyInstrumentingArtifactTransform: /home/runner/.gradle/caches/9.7.1/transforms/281d5a97445cdde68509c5b7355a0e03/transformed/merge/instrumentation-dependencies.bin because:
  Build cache is disabled
  Caching not enabled.
Caching disabled for ExternalDependencyInstrumentingArtifactTransform: /home/runner/.gradle/caches/modules-2/files-2.1/com.android.tools/dvlib/31.1.0/73f9e701a49ce55a5efc5ade01238f5fa9b2655d/dvlib-31.1.0.jar because:
  Build cache is disabled
  Caching not enabled.
Caching disabled for MergeInstrumentationAnalysisTransform: /home/runner/.gradle/caches/9.7.1/transforms/812cec3272ff8c8156ed79d1180c3e13/transformed/analysis/instrumentation-hierarchy.bin because:
  Build cache is disabled
  Caching not enabled.
Caching disabled for MergeInstrumentationAnalysisTransform: /home/runner/.gradle/caches/9.7.1/transforms/812cec3272ff8c8156ed79d1180c3e13/transformed/analysis/instrumentation-dependencies.bin because:
  Build cache is disabled
  Caching not enabled.
Caching disabled for MergeInstrumentationAnalysisTransform: /home/runner/.gradle/caches/modules-2/files-2.1/com.android.tools/common/31.1.0/91b8f318da2aeabbbf7042d5a965d5c0292fca80/common-31.1.0.jar because:
  Build cache is disabled
  Caching not enabled.
Caching disabled for ExternalDependencyInstrumentingArtifactTransform: /home/runner/.gradle/caches/9.7.1/transforms/22effbfc3ae58565add118a84f06c0f0/transformed/merge/instrumentation-dependencies.bin because:
  Build cache is disabled
  Caching not enabled.
Caching disabled for ExternalDependencyInstrumentingArtifactTransform: /home/runner/.gradle/caches/modules-2/files-2.1/com.android.tools/common/31.1.0/91b8f318da2aeabbbf7042d5a965d5c0292fca80/common-31.1.0.jar because:
  Build cache is disabled
  Caching not enabled.
Caching disabled for MergeInstrumentationAnalysisTransform: /home/runner/.gradle/caches/9.7.1/transforms/704c3d08a3f9c8e607591f487b894547/transformed/analysis/instrumentation-hierarchy.bin because:
  Build cache is disabled
  Caching not enabled.
Caching disabled for MergeInstrumentationAnalysisTransform: /home/runner/.gradle/caches/9.7.1/transforms/704c3d08a3f9c8e607591f487b894547/transformed/analysis/instrumentation-dependencies.bin because:
  Build cache is disabled
  Caching not enabled.
Caching disabled for MergeInstrumentationAnalysisTransform: /home/runner/.gradle/caches/modules-2/files-2.1/org.jetbrains.kotlin/kotlin-stdlib-jdk8/1.8.20-RC2/3f3b892b2b7261138cc4ad48117553b1eb7e8fc7/kotlin-stdlib-jdk8-1.8.20-RC2.jar because:
  Build cache is disabled
  Caching not enabled.
Caching disabled for ExternalDependencyInstrumentingArtifactTransform: /home/runner/.gradle/caches/9.7.1/transforms/ac659176acbebe35de86a2f5277baf87/transformed/merge/instrumentation-dependencies.bin because:
  Build cache is disabled
  Caching not enabled.
Caching disabled for ExternalDependencyInstrumentingArtifactTransform: /home/runner/.gradle/caches/modules-2/files-2.1/org.jetbrains.kotlin/kotlin-stdlib-jdk8/1.8.20-RC2/3f3b892b2b7261138cc4ad48117553b1eb7e8fc7/kotlin-stdlib-jdk8-1.8.20-RC2.jar because:
  Build cache is disabled
  Caching not enabled.
Caching disabled for MergeInstrumentationAnalysisTransform: /home/runner/.gradle/caches/9.7.1/transforms/9995f699c2f3edcfa02bfcae4c6b2fa2/transformed/analysis/instrumentation-dependencies.bin because:
  Build cache is disabled
  Caching not enabled.
Caching disabled for MergeInstrumentationAnalysisTransform: /home/runner/.gradle/caches/modules-2/files-2.1/com.android.tools.build/transform-api/2.0.0-deprecated-use-gradle-api/47f6c56527c42425742fa9b56ffd3fd80763fe03/transform-api-2.0.0-deprecated-use-gradle-api.jar because:
  Build cache is disabled
  Caching not enabled.
Caching disabled for ExternalDependencyInstrumentingArtifactTransform: /home/runner/.gradle/caches/9.7.1/transforms/e77a6834419126144501f4136e93ad95/transformed/merge/instrumentation-dependencies.bin because:
  Build cache is disabled
  Caching not enabled.
Caching disabled for ExternalDependencyInstrumentingArtifactTransform: /home/runner/.gradle/caches/modules-2/files-2.1/com.android.tools.build/transform-api/2.0.0-deprecated-use-gradle-api/47f6c56527c42425742fa9b56ffd3fd80763fe03/transform-api-2.0.0-deprecated-use-gradle-api.jar because:
  Build cache is disabled
  Caching not enabled.
Caching disabled for MergeInstrumentationAnalysisTransform: /home/runner/.gradle/caches/9.7.1/transforms/3da17a1ebf87cf10b10b5c5a69baddc6/transformed/analysis/instrumentation-hierarchy.bin because:
  Build cache is disabled
  Caching not enabled.
Caching disabled for MergeInstrumentationAnalysisTransform: /home/runner/.gradle/caches/9.7.1/transforms/3da17a1ebf87cf10b10b5c5a69baddc6/transformed/analysis/instrumentation-dependencies.bin because:
  Build cache is disabled
  Caching not enabled.
Caching disabled for MergeInstrumentationAnalysisTransform: /home/runner/.gradle/caches/modules-2/files-2.1/org.apache.httpcomponents/httpmime/4.5.6/164343da11db817e81e24e0d9869527e069850c9/httpmime-4.5.6.jar because:
  Build cache is disabled
  Caching not enabled.
Caching disabled for ExternalDependencyInstrumentingArtifactTransform: /home/runner/.gradle/caches/9.7.1/transforms/e7c3861926def0e8add85b21c2d41b90/transformed/merge/instrumentation-dependencies.bin because:
  Build cache is disabled
  Caching not enabled.
Caching disabled for ExternalDependencyInstrumentingArtifactTransform: /home/runner/.gradle/caches/modules-2/files-2.1/org.apache.httpcomponents/httpmime/4.5.6/164343da11db817e81e24e0d9869527e069850c9/httpmime-4.5.6.jar because:
  Build cache is disabled
  Caching not enabled.
Caching disabled for MergeInstrumentationAnalysisTransform: /home/runner/.gradle/caches/9.7.1/transforms/55f49d57102919825eaa6eee6da89b19/transformed/analysis/instrumentation-hierarchy.bin because:
  Build cache is disabled
  Caching not enabled.
Caching disabled for MergeInstrumentationAnalysisTransform: /home/runner/.gradle/caches/9.7.1/transforms/55f49d57102919825eaa6eee6da89b19/transformed/analysis/instrumentation-dependencies.bin because:
  Build cache is disabled
  Caching not enabled.
Caching disabled for MergeInstrumentationAnalysisTransform: /home/runner/.gradle/caches/modules-2/files-2.1/commons-io/commons-io/2.4/b1b6ea3b7e4aa4f492509a4952029cd8e48019ad/commons-io-2.4.jar because:
  Build cache is disabled
  Caching not enabled.
Caching disabled for ExternalDependencyInstrumentingArtifactTransform: /home/runner/.gradle/caches/9.7.1/transforms/7399f94cc0e25e998a3582ec9efad5e8/transformed/merge/instrumentation-dependencies.bin because:
  Build cache is disabled
  Caching not enabled.
Caching disabled for ExternalDependencyInstrumentingArtifactTransform: /home/runner/.gradle/caches/modules-2/files-2.1/commons-io/commons-io/2.4/b1b6ea3b7e4aa4f492509a4952029cd8e48019ad/commons-io-2.4.jar because:
  Build cache is disabled
  Caching not enabled.
Caching disabled for MergeInstrumentationAnalysisTransform: /home/runner/.gradle/caches/9.7.1/transforms/8b93082de4c3ecef036a45774c5ed35d/transformed/analysis/instrumentation-hierarchy.bin because:
  Build cache is disabled
  Caching not enabled.
Caching disabled for MergeInstrumentationAnalysisTransform: /home/runner/.gradle/caches/9.7.1/transforms/8b93082de4c3ecef036a45774c5ed35d/transformed/analysis/instrumentation-dependencies.bin because:
  Build cache is disabled
  Caching not enabled.
Caching disabled for MergeInstrumentationAnalysisTransform: /home/runner/.gradle/caches/modules-2/files-2.1/com.android.tools.build.jetifier/jetifier-processor/1.0.0-beta10/946c39eb0c052ff4f60a8939648a8b99af20d604/jetifier-processor-1.0.0-beta10.jar because:
  Build cache is disabled
  Caching not enabled.
Caching disabled for ExternalDependencyInstrumentingArtifactTransform: /home/runner/.gradle/caches/9.7.1/transforms/9651a3023a242062d9f73401550258b0/transformed/merge/instrumentation-dependencies.bin because:
  Build cache is disabled
  Caching not enabled.
Caching disabled for ExternalDependencyInstrumentingArtifactTransform: /home/runner/.gradle/caches/modules-2/files-2.1/com.android.tools.build.jetifier/jetifier-processor/1.0.0-beta10/946c39eb0c052ff4f60a8939648a8b99af20d604/jetifier-processor-1.0.0-beta10.jar because:
  Build cache is disabled
  Caching not enabled.
Caching disabled for MergeInstrumentationAnalysisTransform: /home/runner/.gradle/caches/9.7.1/transforms/0fc3c5e2a5866f15aad1e571fe9d705e/transformed/analysis/instrumentation-hierarchy.bin because:
  Build cache is disabled
  Caching not enabled.
Caching disabled for MergeInstrumentationAnalysisTransform: /home/runner/.gradle/caches/9.7.1/transforms/0fc3c5e2a5866f15aad1e571fe9d705e/transformed/analysis/instrumentation-dependencies.bin because:
  Build cache is disabled
  Caching not enabled.
Caching disabled for MergeInstrumentationAnalysisTransform: /home/runner/.gradle/caches/modules-2/files-2.1/org.ow2.asm/asm-commons/9.2/f4d7f0fc9054386f2893b602454d48e07d4fbead/asm-commons-9.2.jar because:
  Build cache is disabled
  Caching not enabled.
Caching disabled for ExternalDependencyInstrumentingArtifactTransform: /home/runner/.gradle/caches/9.7.1/transforms/f5d217877e042d0afaccebd9ecb379ab/transformed/merge/instrumentation-dependencies.bin because:
  Build cache is disabled
  Caching not enabled.
Caching disabled for ExternalDependencyInstrumentingArtifactTransform: /home/runner/.gradle/caches/modules-2/files-2.1/org.ow2.asm/asm-commons/9.2/f4d7f0fc9054386f2893b602454d48e07d4fbead/asm-commons-9.2.jar because:
  Build cache is disabled
  Caching not enabled.
Caching disabled for MergeInstrumentationAnalysisTransform: /home/runner/.gradle/caches/9.7.1/transforms/08aecfc2923d9c178969d7e1ecdeb88d/transformed/analysis/instrumentation-hierarchy.bin because:
  Build cache is disabled
  Caching not enabled.
Caching disabled for MergeInstrumentationAnalysisTransform: /home/runner/.gradle/caches/9.7.1/transforms/08aecfc2923d9c178969d7e1ecdeb88d/transformed/analysis/instrumentation-dependencies.bin because:
  Build cache is disabled
  Caching not enabled.
Caching disabled for MergeInstrumentationAnalysisTransform: /home/runner/.gradle/caches/modules-2/files-2.1/org.ow2.asm/asm-util/9.2/fbc178fc5ba3dab50fd7e8a5317b8b647c8e8946/asm-util-9.2.jar because:
  Build cache is disabled
  Caching not enabled.
Caching disabled for ExternalDependencyInstrumentingArtifactTransform: /home/runner/.gradle/caches/9.7.1/transforms/652db7100461470fc37db74b477b00ac/transformed/merge/instrumentation-dependencies.bin because:
  Build cache is disabled
  Caching not enabled.
Caching disabled for ExternalDependencyInstrumentingArtifactTransform: /home/runner/.gradle/caches/modules-2/files-2.1/org.ow2.asm/asm-util/9.2/fbc178fc5ba3dab50fd7e8a5317b8b647c8e8946/asm-util-9.2.jar because:
  Build cache is disabled
  Caching not enabled.
Caching disabled for MergeInstrumentationAnalysisTransform: /home/runner/.gradle/caches/9.7.1/transforms/b9b6026e2354182b3c9d6c0277f48417/transformed/analysis/instrumentation-hierarchy.bin because:
  Build cache is disabled
  Caching not enabled.
Caching disabled for MergeInstrumentationAnalysisTransform: /home/runner/.gradle/caches/9.7.1/transforms/b9b6026e2354182b3c9d6c0277f48417/transformed/analysis/instrumentation-dependencies.bin because:
  Build cache is disabled
  Caching not enabled.
Caching disabled for MergeInstrumentationAnalysisTransform: /home/runner/.gradle/caches/modules-2/files-2.1/org.ow2.asm/asm-analysis/9.2/7487dd756daf96cab9986e44b9d7bcb796a61c10/asm-analysis-9.2.jar because:
  Build cache is disabled
  Caching not enabled.
Caching disabled for ExternalDependencyInstrumentingArtifactTransform: /home/runner/.gradle/caches/9.7.1/transforms/ed3d63756260a8f78d31cd2459a3a25d/transformed/merge/instrumentation-dependencies.bin because:
  Build cache is disabled
  Caching not enabled.
Caching disabled for ExternalDependencyInstrumentingArtifactTransform: /home/runner/.gradle/caches/modules-2/files-2.1/org.ow2.asm/asm-analysis/9.2/7487dd756daf96cab9986e44b9d7bcb796a61c10/asm-analysis-9.2.jar because:
  Build cache is disabled
  Caching not enabled.
Caching disabled for MergeInstrumentationAnalysisTransform: /home/runner/.gradle/caches/9.7.1/transforms/5454077673380a870fc40cbd6d4c6b51/transformed/analysis/instrumentation-hierarchy.bin because:
  Build cache is disabled
  Caching not enabled.
Caching disabled for MergeInstrumentationAnalysisTransform: /home/runner/.gradle/caches/9.7.1/transforms/5454077673380a870fc40cbd6d4c6b51/transformed/analysis/instrumentation-dependencies.bin because:
  Build cache is disabled
  Caching not enabled.
Caching disabled for MergeInstrumentationAnalysisTransform: /home/runner/.gradle/caches/modules-2/files-2.1/org.ow2.asm/asm-tree/9.2/d96c99a30f5e1a19b0e609dbb19a44d8518ac01e/asm-tree-9.2.jar because:
  Build cache is disabled
  Caching not enabled.
Caching disabled for ExternalDependencyInstrumentingArtifactTransform: /home/runner/.gradle/caches/9.7.1/transforms/b5b4874c9e4a6d9b6c926c284b715d6e/transformed/merge/instrumentation-dependencies.bin because:
  Build cache is disabled
  Caching not enabled.
Caching disabled for ExternalDependencyInstrumentingArtifactTransform: /home/runner/.gradle/caches/modules-2/files-2.1/org.ow2.asm/asm-tree/9.2/d96c99a30f5e1a19b0e609dbb19a44d8518ac01e/asm-tree-9.2.jar because:
  Build cache is disabled
  Caching not enabled.
Caching disabled for MergeInstrumentationAnalysisTransform: /home/runner/.gradle/caches/9.7.1/transforms/ffa7fdc9f6806e86ca14b98329a10378/transformed/analysis/instrumentation-hierarchy.bin because:
  Build cache is disabled
  Caching not enabled.
Caching disabled for MergeInstrumentationAnalysisTransform: /home/runner/.gradle/caches/9.7.1/transforms/ffa7fdc9f6806e86ca14b98329a10378/transformed/analysis/instrumentation-dependencies.bin because:
  Build cache is disabled
  Caching not enabled.
Caching disabled for MergeInstrumentationAnalysisTransform: /home/runner/.gradle/caches/modules-2/files-2.1/org.ow2.asm/asm/9.2/81a03f76019c67362299c40e0ba13405f5467bff/asm-9.2.jar because:
  Build cache is disabled
  Caching not enabled.
Caching disabled for ExternalDependencyInstrumentingArtifactTransform: /home/runner/.gradle/caches/9.7.1/transforms/f749be1d04c6f91a876e5aaf7bb80a6a/transformed/merge/instrumentation-dependencies.bin because:
  Build cache is disabled
  Caching not enabled.
Caching disabled for ExternalDependencyInstrumentingArtifactTransform: /home/runner/.gradle/caches/modules-2/files-2.1/org.ow2.asm/asm/9.2/81a03f76019c67362299c40e0ba13405f5467bff/asm-9.2.jar because:
  Build cache is disabled
  Caching not enabled.
Caching disabled for MergeInstrumentationAnalysisTransform: /home/runner/.gradle/caches/modules-2/files-2.1/com.android.tools.utp/android-test-plugin-host-additional-test-output-proto/31.1.0/94f0a14f0c6cceff5a0374a2d4e0e50bac122899/android-test-plugin-host-additional-test-output-proto-31.1.0.jar because:
  Build cache is disabled
  Caching not enabled.
Caching disabled for ExternalDependencyInstrumentingArtifactTransform: /home/runner/.gradle/caches/modules-2/files-2.1/com.android.tools.build/gradle/8.1.0/fcd4612dc9b74db28fdb6a4b6a6ddc6008970428/gradle-8.1.0.jar because:
  Build cache is disabled
  Caching not enabled.
Caching disabled for MergeInstrumentationAnalysisTransform: /home/runner/.gradle/caches/9.7.1/transforms/91d50851fd280e70e25da01d58affc31/transformed/analysis/instrumentation-hierarchy.bin because:
  Build cache is disabled
  Caching not enabled.
Caching disabled for ExternalDependencyInstrumentingArtifactTransform: /home/runner/.gradle/caches/9.7.1/transforms/6eaed9ca65750da4e9e9c5ab17d26ef5/transformed/merge/instrumentation-dependencies.bin because:
  Build cache is disabled
  Caching not enabled.
Caching disabled for MergeInstrumentationAnalysisTransform: /home/runner/.gradle/caches/9.7.1/transforms/7004e6ed74a6104093f2599aa6621467/transformed/analysis/instrumentation-hierarchy.bin because:
  Build cache is disabled
  Caching not enabled.
Caching disabled for MergeInstrumentationAnalysisTransform: /home/runner/.gradle/caches/9.7.1/transforms/91d50851fd280e70e25da01d58affc31/transformed/analysis/instrumentation-dependencies.bin because:
  Build cache is disabled
  Caching not enabled.
Caching disabled for MergeInstrumentationAnalysisTransform: /home/runner/.gradle/caches/modules-2/files-2.1/com.android.tools.build/apkzlib/8.1.0/cac4447eae289138e1cbbfe13a0d8bb6b4255e56/apkzlib-8.1.0.jar because:
  Build cache is disabled
  Caching not enabled.
Caching disabled for MergeInstrumentationAnalysisTransform: /home/runner/.gradle/caches/9.7.1/transforms/7004e6ed74a6104093f2599aa6621467/transformed/analysis/instrumentation-dependencies.bin because:
  Build cache is disabled
  Caching not enabled.
Caching disabled for ExternalDependencyInstrumentingArtifactTransform: /home/runner/.gradle/caches/modules-2/files-2.1/com.android.tools.utp/android-test-plugin-host-additional-test-output-proto/31.1.0/94f0a14f0c6cceff5a0374a2d4e0e50bac122899/android-test-plugin-host-additional-test-output-proto-31.1.0.jar because:
  Build cache is disabled
  Caching not enabled.
Caching disabled for ExternalDependencyInstrumentingArtifactTransform: /home/runner/.gradle/caches/9.7.1/transforms/a6d1dbfa12a60d69f4d3112cc498bc81/transformed/merge/instrumentation-dependencies.bin because:
  Build cache is disabled
  Caching not enabled.
Caching disabled for MergeInstrumentationAnalysisTransform: /home/runner/.gradle/caches/9.7.1/transforms/d7fc341ce1d82c88e8cd91111d840f04/transformed/analysis/instrumentation-hierarchy.bin because:
  Build cache is disabled
  Caching not enabled.
Caching disabled for MergeInstrumentationAnalysisTransform: /home/runner/.gradle/caches/modules-2/files-2.1/org.bouncycastle/bcpkix-jdk15on/1.67/5f48020a2a60a8d6bcbecceca23529d225b28efb/bcpkix-jdk15on-1.67.jar because:
  Build cache is disabled
  Caching not enabled.
Caching disabled for MergeInstrumentationAnalysisTransform: /home/runner/.gradle/caches/9.7.1/transforms/d7fc341ce1d82c88e8cd91111d840f04/transformed/analysis/instrumentation-dependencies.bin because:
  Build cache is disabled
  Caching not enabled.
Caching disabled for MergeInstrumentationAnalysisTransform: /home/runner/.gradle/caches/modules-2/files-2.1/org.glassfish.jaxb/jaxb-runtime/2.3.2/5528bc882ea499a09d720b42af11785c4fc6be2a/jaxb-runtime-2.3.2.jar because:
  Build cache is disabled
  Caching not enabled.
Caching disabled for ExternalDependencyInstrumentingArtifactTransform: /home/runner/.gradle/caches/9.7.1/transforms/e3e34f8499f14432c2c97791a2054a34/transformed/merge/instrumentation-dependencies.bin because:
  Build cache is disabled
  Caching not enabled.
Caching disabled for ExternalDependencyInstrumentingArtifactTransform: /home/runner/.gradle/caches/9.7.1/transforms/be0b38b9a57927c303d62ae7e25445f3/transformed/merge/instrumentation-dependencies.bin because:
  Build cache is disabled
  Caching not enabled.
Caching disabled for ExternalDependencyInstrumentingArtifactTransform: /home/runner/.gradle/caches/modules-2/files-2.1/com.android.tools.build/apkzlib/8.1.0/cac4447eae289138e1cbbfe13a0d8bb6b4255e56/apkzlib-8.1.0.jar because:
  Build cache is disabled
  Caching not enabled.
Caching disabled for MergeInstrumentationAnalysisTransform: /home/runner/.gradle/caches/9.7.1/transforms/40478a03a919694946f924dbf88598f1/transformed/analysis/instrumentation-hierarchy.bin because:
  Build cache is disabled
  Caching not enabled.
Caching disabled for MergeInstrumentationAnalysisTransform: /home/runner/.gradle/caches/9.7.1/transforms/40478a03a919694946f924dbf88598f1/transformed/analysis/instrumentation-dependencies.bin because:
  Build cache is disabled
  Caching not enabled.
Caching disabled for MergeInstrumentationAnalysisTransform: /home/runner/.gradle/caches/modules-2/files-2.1/net.sf.jopt-simple/jopt-simple/4.9/ee9e9eaa0a35360dcfeac129ff4923215fd65904/jopt-simple-4.9.jar because:
  Build cache is disabled
  Caching not enabled.
Caching disabled for ExternalDependencyInstrumentingArtifactTransform: /home/runner/.gradle/caches/9.7.1/transforms/cf92e296d6a6fd4316b847bffde6d960/transformed/merge/instrumentation-dependencies.bin because:
  Build cache is disabled
  Caching not enabled.
Caching disabled for ExternalDependencyInstrumentingArtifactTransform: /home/runner/.gradle/caches/modules-2/files-2.1/net.sf.jopt-simple/jopt-simple/4.9/ee9e9eaa0a35360dcfeac129ff4923215fd65904/jopt-simple-4.9.jar because:
  Build cache is disabled
  Caching not enabled.
Caching disabled for MergeInstrumentationAnalysisTransform: /home/runner/.gradle/caches/9.7.1/transforms/c449837041688080111950291b2b032a/transformed/analysis/instrumentation-hierarchy.bin because:
  Build cache is disabled
  Caching not enabled.
Caching disabled for MergeInstrumentationAnalysisTransform: /home/runner/.gradle/caches/9.7.1/transforms/c449837041688080111950291b2b032a/transformed/analysis/instrumentation-dependencies.bin because:
  Build cache is disabled
  Caching not enabled.
Caching disabled for MergeInstrumentationAnalysisTransform: /home/runner/.gradle/caches/modules-2/files-2.1/com.android.tools.build.jetifier/jetifier-core/1.0.0-beta10/6e621022a9c95af12a7004d6b55805bbd1126837/jetifier-core-1.0.0-beta10.jar because:
  Build cache is disabled
  Caching not enabled.
Caching disabled for ExternalDependencyInstrumentingArtifactTransform: /home/runner/.gradle/caches/9.7.1/transforms/a98cc376540f432b1e541c6d4cf59a84/transformed/merge/instrumentation-dependencies.bin because:
  Build cache is disabled
  Caching not enabled.
Caching disabled for ExternalDependencyInstrumentingArtifactTransform: /home/runner/.gradle/caches/modules-2/files-2.1/com.android.tools.build.jetifier/jetifier-core/1.0.0-beta10/6e621022a9c95af12a7004d6b55805bbd1126837/jetifier-core-1.0.0-beta10.jar because:
  Build cache is disabled
  Caching not enabled.
Caching disabled for MergeInstrumentationAnalysisTransform: /home/runner/.gradle/caches/9.7.1/transforms/a262ec2363bfa90adfa8f87ea1972a8b/transformed/analysis/instrumentation-hierarchy.bin because:
  Build cache is disabled
  Caching not enabled.
Caching disabled for MergeInstrumentationAnalysisTransform: /home/runner/.gradle/caches/9.7.1/transforms/a262ec2363bfa90adfa8f87ea1972a8b/transformed/analysis/instrumentation-dependencies.bin because:
  Build cache is disabled
  Caching not enabled.
Caching disabled for MergeInstrumentationAnalysisTransform: /home/runner/.gradle/caches/modules-2/files-2.1/com.squareup/javapoet/1.10.0/712c178d35185d8261295913c9f2a7d6867a6007/javapoet-1.10.0.jar because:
  Build cache is disabled
  Caching not enabled.
Caching disabled for ExternalDependencyInstrumentingArtifactTransform: /home/runner/.gradle/caches/9.7.1/transforms/6f3ac60ec9eb5a4fd95debf73a34a285/transformed/merge/instrumentation-dependencies.bin because:
  Build cache is disabled
  Caching not enabled.
Caching disabled for ExternalDependencyInstrumentingArtifactTransform: /home/runner/.gradle/caches/modules-2/files-2.1/com.squareup/javapoet/1.10.0/712c178d35185d8261295913c9f2a7d6867a6007/javapoet-1.10.0.jar because:
  Build cache is disabled
  Caching not enabled.
Caching disabled for MergeInstrumentationAnalysisTransform: /home/runner/.gradle/caches/9.7.1/transforms/3f01cd59270757ddd0af443941d43a7e/transformed/analysis/instrumentation-hierarchy.bin because:
  Build cache is disabled
  Caching not enabled.
Caching disabled for MergeInstrumentationAnalysisTransform: /home/runner/.gradle/caches/9.7.1/transforms/3f01cd59270757ddd0af443941d43a7e/transformed/analysis/instrumentation-dependencies.bin because:
  Build cache is disabled
  Caching not enabled.
Caching disabled for MergeInstrumentationAnalysisTransform: /home/runner/.gradle/caches/modules-2/files-2.1/com.google.protobuf/protobuf-java-util/3.19.3/3e6812cbbb7e6faffa7b56438740dec510e1fc1a/protobuf-java-util-3.19.3.jar because:
  Build cache is disabled
  Caching not enabled.
Caching disabled for ExternalDependencyInstrumentingArtifactTransform: /home/runner/.gradle/caches/9.7.1/transforms/3829e8faa4cc95cac6128e8827ae7e8e/transformed/merge/instrumentation-dependencies.bin because:
  Build cache is disabled
  Caching not enabled.
Caching disabled for ExternalDependencyInstrumentingArtifactTransform: /home/runner/.gradle/caches/modules-2/files-2.1/org.bouncycastle/bcpkix-jdk15on/1.67/5f48020a2a60a8d6bcbecceca23529d225b28efb/bcpkix-jdk15on-1.67.jar because:
  Build cache is disabled
  Caching not enabled.
Caching disabled for MergeInstrumentationAnalysisTransform: /home/runner/.gradle/caches/9.7.1/transforms/dfed036c57fd342575e3829f65449a30/transformed/analysis/instrumentation-hierarchy.bin because:
  Build cache is disabled
  Caching not enabled.
Caching disabled for ExternalDependencyInstrumentingArtifactTransform: /home/runner/.gradle/caches/modules-2/files-2.1/org.glassfish.jaxb/jaxb-runtime/2.3.2/5528bc882ea499a09d720b42af11785c4fc6be2a/jaxb-runtime-2.3.2.jar because:
  Build cache is disabled
  Caching not enabled.
Caching disabled for MergeInstrumentationAnalysisTransform: /home/runner/.gradle/caches/9.7.1/transforms/dfed036c57fd342575e3829f65449a30/transformed/analysis/instrumentation-dependencies.bin because:
  Build cache is disabled
  Caching not enabled.
Caching disabled for ExternalDependencyInstrumentingArtifactTransform: /home/runner/.gradle/caches/modules-2/files-2.1/com.google.protobuf/protobuf-java-util/3.19.3/3e6812cbbb7e6faffa7b56438740dec510e1fc1a/protobuf-java-util-3.19.3.jar because:
  Build cache is disabled
  Caching not enabled.
Caching disabled for MergeInstrumentationAnalysisTransform: /home/runner/.gradle/caches/9.7.1/transforms/1fe73ced6bcc0ee3ca8e3de0cece73ef/transformed/analysis/instrumentation-hierarchy.bin because:
  Build cache is disabled
  Caching not enabled.
Caching disabled for MergeInstrumentationAnalysisTransform: /home/runner/.gradle/caches/9.7.1/transforms/a1866f897e9d25464b5dead214f313b2/transformed/analysis/instrumentation-hierarchy.bin because:
  Build cache is disabled
  Caching not enabled.
Caching disabled for MergeInstrumentationAnalysisTransform: /home/runner/.gradle/caches/modules-2/files-2.1/io.grpc/grpc-protobuf/1.45.1/480d2a8c2592c7067d2fe9cc773d3a36402bc463/grpc-protobuf-1.45.1.jar because:
  Build cache is disabled
  Caching not enabled.
Caching disabled for MergeInstrumentationAnalysisTransform: /home/runner/.gradle/caches/9.7.1/transforms/1fe73ced6bcc0ee3ca8e3de0cece73ef/transformed/analysis/instrumentation-dependencies.bin because:
  Build cache is disabled
  Caching not enabled.
Caching disabled for MergeInstrumentationAnalysisTransform: /home/runner/.gradle/caches/9.7.1/transforms/a1866f897e9d25464b5dead214f313b2/transformed/analysis/instrumentation-dependencies.bin because:
  Build cache is disabled
  Caching not enabled.
Caching disabled for MergeInstrumentationAnalysisTransform: /home/runner/.gradle/caches/modules-2/files-2.1/com.google.crypto.tink/tink/1.7.0/668b57f109d32349b2870448f06ae6f202713edc/tink-1.7.0.jar because:
  Build cache is disabled
  Caching not enabled.
Caching disabled for MergeInstrumentationAnalysisTransform: /home/runner/.gradle/caches/modules-2/files-2.1/com.android.tools.analytics-library/protos/31.1.0/99ddc33efcbf4e614f52ac43b718f439e367aae3/protos-31.1.0.jar because:
  Build cache is disabled
  Caching not enabled.
Caching disabled for ExternalDependencyInstrumentingArtifactTransform: /home/runner/.gradle/caches/9.7.1/transforms/a41b59e61a86fbb99515c49f82f6f44f/transformed/merge/instrumentation-dependencies.bin because:
  Build cache is disabled
  Caching not enabled.
Caching disabled for ExternalDependencyInstrumentingArtifactTransform: /home/runner/.gradle/caches/9.7.1/transforms/645599a56e25b580040938203b02736e/transformed/merge/instrumentation-dependencies.bin because:
  Build cache is disabled
  Caching not enabled.
Caching disabled for ExternalDependencyInstrumentingArtifactTransform: /home/runner/.gradle/caches/modules-2/files-2.1/com.google.crypto.tink/tink/1.7.0/668b57f109d32349b2870448f06ae6f202713edc/tink-1.7.0.jar because:
  Build cache is disabled
  Caching not enabled.
Caching disabled for MergeInstrumentationAnalysisTransform: /home/runner/.gradle/caches/9.7.1/transforms/093d56e80d72a9e28798eb5ccdac22a5/transformed/analysis/instrumentation-hierarchy.bin because:
  Build cache is disabled
  Caching not enabled.
Caching disabled for MergeInstrumentationAnalysisTransform: /home/runner/.gradle/caches/9.7.1/transforms/093d56e80d72a9e28798eb5ccdac22a5/transformed/analysis/instrumentation-dependencies.bin because:
  Build cache is disabled
  Caching not enabled.
Caching disabled for MergeInstrumentationAnalysisTransform: /home/runner/.gradle/caches/modules-2/files-2.1/com.google.api.grpc/proto-google-common-protos/2.0.1/20827628ea2b9f69ae22987b2aedb0050e9c470d/proto-google-common-protos-2.0.1.jar because:
  Build cache is disabled
  Caching not enabled.
Caching disabled for ExternalDependencyInstrumentingArtifactTransform: /home/runner/.gradle/caches/9.7.1/transforms/41b40354225775ce15ecc459a2af25e6/transformed/merge/instrumentation-dependencies.bin because:
  Build cache is disabled
  Caching not enabled.
Caching disabled for ExternalDependencyInstrumentingArtifactTransform: /home/runner/.gradle/caches/modules-2/files-2.1/com.google.api.grpc/proto-google-common-protos/2.0.1/20827628ea2b9f69ae22987b2aedb0050e9c470d/proto-google-common-protos-2.0.1.jar because:
  Build cache is disabled
  Caching not enabled.
Caching disabled for MergeInstrumentationAnalysisTransform: /home/runner/.gradle/caches/9.7.1/transforms/5b3471d67397e23f2a76a250bafe210e/transformed/analysis/instrumentation-hierarchy.bin because:
  Build cache is disabled
  Caching not enabled.
Caching disabled for ExternalDependencyInstrumentingArtifactTransform: /home/runner/.gradle/caches/9.7.1/transforms/0615d01a4f5b726cff9bc13599f2986a/transformed/merge/instrumentation-dependencies.bin because:
  Build cache is disabled
  Caching not enabled.
Caching disabled for MergeInstrumentationAnalysisTransform: /home/runner/.gradle/caches/9.7.1/transforms/5b3471d67397e23f2a76a250bafe210e/transformed/analysis/instrumentation-dependencies.bin because:
  Build cache is disabled
  Caching not enabled.
Caching disabled for ExternalDependencyInstrumentingArtifactTransform: /home/runner/.gradle/caches/modules-2/files-2.1/com.android.tools.build/bundletool/1.14.0/2fcb426b5e62cc6e879369fdbbe915bb0a43c3e1/bundletool-1.14.0.jar because:
  Build cache is disabled
  Caching not enabled.
Caching disabled for MergeInstrumentationAnalysisTransform: /home/runner/.gradle/caches/9.7.1/transforms/a1ac13db8960605350d368d0dd639d6e/transformed/analysis/instrumentation-hierarchy.bin because:
  Build cache is disabled
  Caching not enabled.
Caching disabled for ExternalDependencyInstrumentingArtifactTransform: /home/runner/.gradle/caches/modules-2/files-2.1/io.grpc/grpc-protobuf/1.45.1/480d2a8c2592c7067d2fe9cc773d3a36402bc463/grpc-protobuf-1.45.1.jar because:
  Build cache is disabled
  Caching not enabled.
Caching disabled for MergeInstrumentationAnalysisTransform: /home/runner/.gradle/caches/9.7.1/transforms/a1ac13db8960605350d368d0dd639d6e/transformed/analysis/instrumentation-dependencies.bin because:
  Build cache is disabled
  Caching not enabled.
Caching disabled for MergeInstrumentationAnalysisTransform: /home/runner/.gradle/caches/9.7.1/transforms/5fc9ed74c895f0838b4983220b26203e/transformed/analysis/instrumentation-hierarchy.bin because:
  Build cache is disabled
  Caching not enabled.
Caching disabled for MergeInstrumentationAnalysisTransform: /home/runner/.gradle/caches/modules-2/files-2.1/com.google.protobuf/protobuf-java/3.19.3/4b57f1b1b9e281231c3fcfc039ce3021e29ff570/protobuf-java-3.19.3.jar because:
  Build cache is disabled
  Caching not enabled.
Caching disabled for MergeInstrumentationAnalysisTransform: /home/runner/.gradle/caches/9.7.1/transforms/5fc9ed74c895f0838b4983220b26203e/transformed/analysis/instrumentation-dependencies.bin because:
  Build cache is disabled
  Caching not enabled.
Caching disabled for ExternalDependencyInstrumentingArtifactTransform: /home/runner/.gradle/caches/9.7.1/transforms/bcfb221e8e8cd44ed509fb87c7750429/transformed/merge/instrumentation-dependencies.bin because:
  Build cache is disabled
  Caching not enabled.
Caching disabled for MergeInstrumentationAnalysisTransform: /home/runner/.gradle/caches/modules-2/files-2.1/io.grpc/grpc-netty/1.45.1/e2a1bc48548213144f00aa709c4da92626b35cd8/grpc-netty-1.45.1.jar because:
  Build cache is disabled
  Caching not enabled.
Caching disabled for ExternalDependencyInstrumentingArtifactTransform: /home/runner/.gradle/caches/9.7.1/transforms/4bd3adffb379eb07f6396eedf3b9c963/transformed/merge/instrumentation-dependencies.bin because:
  Build cache is disabled
  Caching not enabled.
Caching disabled for MergeInstrumentationAnalysisTransform: /home/runner/.gradle/caches/modules-2/files-2.1/io.grpc/grpc-core/1.45.1/9d886fc7d591fac00cd1bbd2347ba66efb31ef20/grpc-core-1.45.1.jar because:
  Build cache is disabled
  Caching not enabled.
Caching disabled for ExternalDependencyInstrumentingArtifactTransform: /home/runner/.gradle/caches/9.7.1/transforms/aa2da218fac6f9ec7f559c282c460868/transformed/merge/instrumentation-dependencies.bin because:
  Build cache is disabled
  Caching not enabled.
Caching disabled for ExternalDependencyInstrumentingArtifactTransform: /home/runner/.gradle/caches/modules-2/files-2.1/io.grpc/grpc-netty/1.45.1/e2a1bc48548213144f00aa709c4da92626b35cd8/grpc-netty-1.45.1.jar because:
  Build cache is disabled
  Caching not enabled.
Caching disabled for MergeInstrumentationAnalysisTransform: /home/runner/.gradle/caches/9.7.1/transforms/53d2ea5f8a39da884e8ca2eeb3892451/transformed/analysis/instrumentation-hierarchy.bin because:
  Build cache is disabled
  Caching not enabled.
Caching disabled for MergeInstrumentationAnalysisTransform: /home/runner/.gradle/caches/9.7.1/transforms/53d2ea5f8a39da884e8ca2eeb3892451/transformed/analysis/instrumentation-dependencies.bin because:
  Build cache is disabled
  Caching not enabled.
Caching disabled for MergeInstrumentationAnalysisTransform: /home/runner/.gradle/caches/modules-2/files-2.1/com.google.code.gson/gson/2.8.9/8a432c1d6825781e21a02db2e2c33c5fde2833b9/gson-2.8.9.jar because:
  Build cache is disabled
  Caching not enabled.
Caching disabled for ExternalDependencyInstrumentingArtifactTransform: /home/runner/.gradle/caches/9.7.1/transforms/95e95c0c8d4cb0cebfe8e059812a0142/transformed/merge/instrumentation-dependencies.bin because:
  Build cache is disabled
  Caching not enabled.
Caching disabled for ExternalDependencyInstrumentingArtifactTransform: /home/runner/.gradle/caches/modules-2/files-2.1/com.google.code.gson/gson/2.8.9/8a432c1d6825781e21a02db2e2c33c5fde2833b9/gson-2.8.9.jar because:
  Build cache is disabled
  Caching not enabled.
Caching disabled for MergeInstrumentationAnalysisTransform: /home/runner/.gradle/caches/9.7.1/transforms/f79acf2d6b72d7c10ed3cd9e943eca00/transformed/analysis/instrumentation-hierarchy.bin because:
  Build cache is disabled
  Caching not enabled.
Caching disabled for MergeInstrumentationAnalysisTransform: /home/runner/.gradle/caches/9.7.1/transforms/f79acf2d6b72d7c10ed3cd9e943eca00/transformed/analysis/instrumentation-dependencies.bin because:
  Build cache is disabled
  Caching not enabled.
Caching disabled for MergeInstrumentationAnalysisTransform: /home/runner/.gradle/caches/modules-2/files-2.1/io.grpc/grpc-stub/1.45.1/3cf1d4ef88808bbabea5d929b78854ccc7f95242/grpc-stub-1.45.1.jar because:
  Build cache is disabled
  Caching not enabled.
Caching disabled for ExternalDependencyInstrumentingArtifactTransform: /home/runner/.gradle/caches/9.7.1/transforms/cfc4ed1720a5d07766dad35188641d71/transformed/merge/instrumentation-dependencies.bin because:
  Build cache is disabled
  Caching not enabled.
Caching disabled for ExternalDependencyInstrumentingArtifactTransform: /home/runner/.gradle/caches/modules-2/files-2.1/io.grpc/grpc-stub/1.45.1/3cf1d4ef88808bbabea5d929b78854ccc7f95242/grpc-stub-1.45.1.jar because:
  Build cache is disabled
  Caching not enabled.
Caching disabled for ExternalDependencyInstrumentingArtifactTransform: /home/runner/.gradle/caches/modules-2/files-2.1/io.grpc/grpc-core/1.45.1/9d886fc7d591fac00cd1bbd2347ba66efb31ef20/grpc-core-1.45.1.jar because:
  Build cache is disabled
  Caching not enabled.
Caching disabled for MergeInstrumentationAnalysisTransform: /home/runner/.gradle/caches/9.7.1/transforms/91003b8deefb34d5ceecdc457dd572bb/transformed/analysis/instrumentation-hierarchy.bin because:
  Build cache is disabled
  Caching not enabled.
Caching disabled for MergeInstrumentationAnalysisTransform: /home/runner/.gradle/caches/9.7.1/transforms/64c7c11f465b43773018a5459e483750/transformed/analysis/instrumentation-hierarchy.bin because:
  Build cache is disabled
  Caching not enabled.
Caching disabled for MergeInstrumentationAnalysisTransform: /home/runner/.gradle/caches/9.7.1/transforms/91003b8deefb34d5ceecdc457dd572bb/transformed/analysis/instrumentation-dependencies.bin because:
  Build cache is disabled
  Caching not enabled.
Caching disabled for MergeInstrumentationAnalysisTransform: /home/runner/.gradle/caches/9.7.1/transforms/64c7c11f465b43773018a5459e483750/transformed/analysis/instrumentation-dependencies.bin because:
  Build cache is disabled
  Caching not enabled.
Caching disabled for MergeInstrumentationAnalysisTransform: /home/runner/.gradle/caches/modules-2/files-2.1/com.google.testing.platform/core-proto/0.0.8-alpha08/72ca52065789993f2f029b34d797813c467d5d74/core-proto-0.0.8-alpha08.jar because:
  Build cache is disabled
  Caching not enabled.
Caching disabled for ExternalDependencyInstrumentingArtifactTransform: /home/runner/.gradle/caches/9.7.1/transforms/72fbefbd929420de96fdb24407129061/transformed/merge/instrumentation-dependencies.bin because:
  Build cache is disabled
  Caching not enabled.
Caching disabled for MergeInstrumentationAnalysisTransform: /home/runner/.gradle/caches/modules-2/files-2.1/org.tensorflow/tensorflow-lite-metadata/0.1.0-rc2/7aa9b3e16d85c2aae5eff741265315a37c9f731a/tensorflow-lite-metadata-0.1.0-rc2.jar because:
  Build cache is disabled
  Caching not enabled.
Caching disabled for ExternalDependencyInstrumentingArtifactTransform: /home/runner/.gradle/caches/9.7.1/transforms/84f87f6c3345cfb3f09624f8674b735e/transformed/merge/instrumentation-dependencies.bin because:
  Build cache is disabled
  Caching not enabled.
Caching disabled for ExternalDependencyInstrumentingArtifactTransform: /home/runner/.gradle/caches/modules-2/files-2.1/org.tensorflow/tensorflow-lite-metadata/0.1.0-rc2/7aa9b3e16d85c2aae5eff741265315a37c9f731a/tensorflow-lite-metadata-0.1.0-rc2.jar because:
  Build cache is disabled
  Caching not enabled.
Caching disabled for MergeInstrumentationAnalysisTransform: /home/runner/.gradle/caches/9.7.1/transforms/aacde1b5d23c6d549fe95d949804ac15/transformed/analysis/instrumentation-hierarchy.bin because:
  Build cache is disabled
  Caching not enabled.
Caching disabled for MergeInstrumentationAnalysisTransform: /home/runner/.gradle/caches/9.7.1/transforms/aacde1b5d23c6d549fe95d949804ac15/transformed/analysis/instrumentation-dependencies.bin because:
  Build cache is disabled
  Caching not enabled.
Caching disabled for MergeInstrumentationAnalysisTransform: /home/runner/.gradle/caches/modules-2/files-2.1/com.google.flatbuffers/flatbuffers-java/1.12.0/8201cc7b511177a37071249e891f2f2fea4b32e9/flatbuffers-java-1.12.0.jar because:
  Build cache is disabled
  Caching not enabled.
Caching disabled for ExternalDependencyInstrumentingArtifactTransform: /home/runner/.gradle/caches/9.7.1/transforms/2239dd19701775ac81808bfeccfe5fff/transformed/merge/instrumentation-dependencies.bin because:
  Build cache is disabled
  Caching not enabled.
Caching disabled for ExternalDependencyInstrumentingArtifactTransform: /home/runner/.gradle/caches/modules-2/files-2.1/com.google.flatbuffers/flatbuffers-java/1.12.0/8201cc7b511177a37071249e891f2f2fea4b32e9/flatbuffers-java-1.12.0.jar because:
  Build cache is disabled
  Caching not enabled.
Caching disabled for MergeInstrumentationAnalysisTransform: /home/runner/.gradle/caches/9.7.1/transforms/845bb3c4f75e9675c51e90670c81034d/transformed/analysis/instrumentation-hierarchy.bin because:
  Build cache is disabled
  Caching not enabled.
Caching disabled for MergeInstrumentationAnalysisTransform: /home/runner/.gradle/caches/9.7.1/transforms/845bb3c4f75e9675c51e90670c81034d/transformed/analysis/instrumentation-dependencies.bin because:
  Build cache is disabled
  Caching not enabled.
Caching disabled for MergeInstrumentationAnalysisTransform: /home/runner/.gradle/caches/modules-2/files-2.1/com.google.jimfs/jimfs/1.1/8fbd0579dc68aba6186935cc1bee21d2f3e7ec1c/jimfs-1.1.jar because:
  Build cache is disabled
  Caching not enabled.
Caching disabled for ExternalDependencyInstrumentingArtifactTransform: /home/runner/.gradle/caches/9.7.1/transforms/e48cd8b5818bde6e8c353795b6a63a06/transformed/merge/instrumentation-dependencies.bin because:
  Build cache is disabled
  Caching not enabled.
Caching disabled for ExternalDependencyInstrumentingArtifactTransform: /home/runner/.gradle/caches/modules-2/files-2.1/com.google.protobuf/protobuf-java/3.19.3/4b57f1b1b9e281231c3fcfc039ce3021e29ff570/protobuf-java-3.19.3.jar because:
  Build cache is disabled
  Caching not enabled.
Caching disabled for MergeInstrumentationAnalysisTransform: /home/runner/.gradle/caches/9.7.1/transforms/bde78c0980941c89484d9f682150b2c7/transformed/analysis/instrumentation-hierarchy.bin because:
  Build cache is disabled
  Caching not enabled.
Caching disabled for MergeInstrumentationAnalysisTransform: /home/runner/.gradle/caches/9.7.1/transforms/bde78c0980941c89484d9f682150b2c7/transformed/analysis/instrumentation-dependencies.bin because:
  Build cache is disabled
  Caching not enabled.
Caching disabled for MergeInstrumentationAnalysisTransform: /home/runner/.gradle/caches/modules-2/files-2.1/io.grpc/grpc-protobuf-lite/1.45.1/a842605124e6542550b2da550a9acae1443a945/grpc-protobuf-lite-1.45.1.jar because:
  Build cache is disabled
  Caching not enabled.
Caching disabled for ExternalDependencyInstrumentingArtifactTransform: /home/runner/.gradle/caches/modules-2/files-2.1/com.google.jimfs/jimfs/1.1/8fbd0579dc68aba6186935cc1bee21d2f3e7ec1c/jimfs-1.1.jar because:
  Build cache is disabled
  Caching not enabled.
Caching disabled for ExternalDependencyInstrumentingArtifactTransform: /home/runner/.gradle/caches/9.7.1/transforms/1f3b0e09e4465eb08764dce124eb671b/transformed/merge/instrumentation-dependencies.bin because:
  Build cache is disabled
  Caching not enabled.
Caching disabled for ExternalDependencyInstrumentingArtifactTransform: /home/runner/.gradle/caches/modules-2/files-2.1/io.grpc/grpc-protobuf-lite/1.45.1/a842605124e6542550b2da550a9acae1443a945/grpc-protobuf-lite-1.45.1.jar because:
  Build cache is disabled
  Caching not enabled.
Caching disabled for ExternalDependencyInstrumentingArtifactTransform: /home/runner/.gradle/caches/modules-2/files-2.1/com.google.testing.platform/core-proto/0.0.8-alpha08/72ca52065789993f2f029b34d797813c467d5d74/core-proto-0.0.8-alpha08.jar because:
  Build cache is disabled
  Caching not enabled.
Caching disabled for MergeInstrumentationAnalysisTransform: /home/runner/.gradle/caches/9.7.1/transforms/42479c1111c8f6a1fdb65392bf8abb3e/transformed/analysis/instrumentation-hierarchy.bin because:
  Build cache is disabled
  Caching not enabled.
Caching disabled for MergeInstrumentationAnalysisTransform: /home/runner/.gradle/caches/9.7.1/transforms/c08061cc85075eb440aa9c2baf06236a/transformed/analysis/instrumentation-hierarchy.bin because:
  Build cache is disabled
  Caching not enabled.
Caching disabled for MergeInstrumentationAnalysisTransform: /home/runner/.gradle/caches/9.7.1/transforms/13e086cd5d7dd237e0a3622b3ca4db99/transformed/analysis/instrumentation-hierarchy.bin because:
  Build cache is disabled
  Caching not enabled.
Caching disabled for MergeInstrumentationAnalysisTransform: /home/runner/.gradle/caches/9.7.1/transforms/13e086cd5d7dd237e0a3622b3ca4db99/transformed/analysis/instrumentation-dependencies.bin because:
  Build cache is disabled
  Caching not enabled.
Caching disabled for MergeInstrumentationAnalysisTransform: /home/runner/.gradle/caches/modules-2/files-2.1/com.google.guava/guava/31.1-jre/60458f877d055d0c9114d9e1a2efb737b4bc282c/guava-31.1-jre.jar because:
  Build cache is disabled
  Caching not enabled.
Caching disabled for ExternalDependencyInstrumentingArtifactTransform: /home/runner/.gradle/caches/9.7.1/transforms/b69bc78e4e54dbc5764cc3574fb8979b/transformed/merge/instrumentation-dependencies.bin because:
  Build cache is disabled
  Caching not enabled.
Caching disabled for MergeInstrumentationAnalysisTransform: /home/runner/.gradle/caches/9.7.1/transforms/42479c1111c8f6a1fdb65392bf8abb3e/transformed/analysis/instrumentation-dependencies.bin because:
  Build cache is disabled
  Caching not enabled.
Caching disabled for ExternalDependencyInstrumentingArtifactTransform: /home/runner/.gradle/caches/modules-2/files-2.1/com.android.tools.analytics-library/protos/31.1.0/99ddc33efcbf4e614f52ac43b718f439e367aae3/protos-31.1.0.jar because:
  Build cache is disabled
  Caching not enabled.
Caching disabled for MergeInstrumentationAnalysisTransform: /home/runner/.gradle/caches/9.7.1/transforms/c08061cc85075eb440aa9c2baf06236a/transformed/analysis/instrumentation-dependencies.bin because:
  Build cache is disabled
  Caching not enabled.
Caching disabled for MergeInstrumentationAnalysisTransform: /home/runner/.gradle/caches/9.7.1/transforms/60674c83291875d44bda9f6eb6496792/transformed/analysis/instrumentation-dependencies.bin because:
  Build cache is disabled
  Caching not enabled.
Caching disabled for MergeInstrumentationAnalysisTransform: /home/runner/.gradle/caches/modules-2/files-2.1/com.google.dagger/dagger/2.28.3/10d83810ef9e19714116ed518896c90c6606d633/dagger-2.28.3.jar because:
  Build cache is disabled
  Caching not enabled.
Caching disabled for MergeInstrumentationAnalysisTransform: /home/runner/.gradle/caches/modules-2/files-2.1/io.grpc/grpc-api/1.45.1/521df70b1f69648d5f418015ee594fc15a065dfc/grpc-api-1.45.1.jar because:
  Build cache is disabled
  Caching not enabled.
Caching disabled for MergeInstrumentationAnalysisTransform: /home/runner/.gradle/caches/modules-2/files-2.1/javax.inject/javax.inject/1/6975da39a7040257bd51d21a231b76c915872d38/javax.inject-1.jar because:
  Build cache is disabled
  Caching not enabled.
Caching disabled for ExternalDependencyInstrumentingArtifactTransform: /home/runner/.gradle/caches/9.7.1/transforms/183595e8f57462fcd8c770e24d85080a/transformed/merge/instrumentation-dependencies.bin because:
  Build cache is disabled
  Caching not enabled.
Caching disabled for ExternalDependencyInstrumentingArtifactTransform: /home/runner/.gradle/caches/9.7.1/transforms/a17f1f5c4c42e3ffb286dc16b9ca5667/transformed/merge/instrumentation-dependencies.bin because:
  Build cache is disabled
  Caching not enabled.
Caching disabled for ExternalDependencyInstrumentingArtifactTransform: /home/runner/.gradle/caches/9.7.1/transforms/3fd7ba9a9d2f320ba06f82cbe8f9245c/transformed/merge/instrumentation-dependencies.bin because:
  Build cache is disabled
  Caching not enabled.
Caching disabled for ExternalDependencyInstrumentingArtifactTransform: /home/runner/.gradle/caches/modules-2/files-2.1/com.google.dagger/dagger/2.28.3/10d83810ef9e19714116ed518896c90c6606d633/dagger-2.28.3.jar because:
  Build cache is disabled
  Caching not enabled.
Caching disabled for ExternalDependencyInstrumentingArtifactTransform: /home/runner/.gradle/caches/modules-2/files-2.1/javax.inject/javax.inject/1/6975da39a7040257bd51d21a231b76c915872d38/javax.inject-1.jar because:
  Build cache is disabled
  Caching not enabled.
Caching disabled for MergeInstrumentationAnalysisTransform: /home/runner/.gradle/caches/9.7.1/transforms/c2b1ea5b67d2782bb5e2dcb4c02f1a84/transformed/analysis/instrumentation-hierarchy.bin because:
  Build cache is disabled
  Caching not enabled.
Caching disabled for MergeInstrumentationAnalysisTransform: /home/runner/.gradle/caches/9.7.1/transforms/de56b0e75293a22229aab97c082e3004/transformed/analysis/instrumentation-hierarchy.bin because:
  Build cache is disabled
  Caching not enabled.
Caching disabled for MergeInstrumentationAnalysisTransform: /home/runner/.gradle/caches/9.7.1/transforms/de56b0e75293a22229aab97c082e3004/transformed/analysis/instrumentation-dependencies.bin because:
  Build cache is disabled
  Caching not enabled.
Caching disabled for MergeInstrumentationAnalysisTransform: /home/runner/.gradle/caches/9.7.1/transforms/c2b1ea5b67d2782bb5e2dcb4c02f1a84/transformed/analysis/instrumentation-dependencies.bin because:
  Build cache is disabled
  Caching not enabled.
Caching disabled for MergeInstrumentationAnalysisTransform: /home/runner/.gradle/caches/modules-2/files-2.1/net.sf.kxml/kxml2/2.3.0/ccbc77a5fd907ef863c29f3596c6f54ffa4e9442/kxml2-2.3.0.jar because:
  Build cache is disabled
  Caching not enabled.
Caching disabled for ExternalDependencyInstrumentingArtifactTransform: /home/runner/.gradle/caches/9.7.1/transforms/08218ef6a45f27e4ee37e723c041d482/transformed/merge/instrumentation-dependencies.bin because:
  Build cache is disabled
  Caching not enabled.
Caching disabled for MergeInstrumentationAnalysisTransform: /home/runner/.gradle/caches/modules-2/files-2.1/org.bouncycastle/bcprov-jdk15on/1.67/8c0998045da87dbc2f1d4b6480458ed811ca7b82/bcprov-jdk15on-1.67.jar because:
  Build cache is disabled
  Caching not enabled.
Caching disabled for ExternalDependencyInstrumentingArtifactTransform: /home/runner/.gradle/caches/9.7.1/transforms/ea128c72c2dcb89b2deef6a7bbd95e67/transformed/merge/instrumentation-dependencies.bin because:
  Build cache is disabled
  Caching not enabled.
Caching disabled for ExternalDependencyInstrumentingArtifactTransform: /home/runner/.gradle/caches/modules-2/files-2.1/net.sf.kxml/kxml2/2.3.0/ccbc77a5fd907ef863c29f3596c6f54ffa4e9442/kxml2-2.3.0.jar because:
  Build cache is disabled
  Caching not enabled.
Caching disabled for ExternalDependencyInstrumentingArtifactTransform: /home/runner/.gradle/caches/modules-2/files-2.1/io.grpc/grpc-api/1.45.1/521df70b1f69648d5f418015ee594fc15a065dfc/grpc-api-1.45.1.jar because:
  Build cache is disabled
  Caching not enabled.
Caching disabled for MergeInstrumentationAnalysisTransform: /home/runner/.gradle/caches/9.7.1/transforms/ca2ff168849ea9341f88d44d1dc7d667/transformed/analysis/instrumentation-hierarchy.bin because:
  Build cache is disabled
  Caching not enabled.
Caching disabled for MergeInstrumentationAnalysisTransform: /home/runner/.gradle/caches/9.7.1/transforms/3a895191bd16e6d9a5adeffe909882b9/transformed/analysis/instrumentation-hierarchy.bin because:
  Build cache is disabled
  Caching not enabled.
Caching disabled for MergeInstrumentationAnalysisTransform: /home/runner/.gradle/caches/9.7.1/transforms/ca2ff168849ea9341f88d44d1dc7d667/transformed/analysis/instrumentation-dependencies.bin because:
  Build cache is disabled
  Caching not enabled.
Caching disabled for MergeInstrumentationAnalysisTransform: /home/runner/.gradle/caches/9.7.1/transforms/3a895191bd16e6d9a5adeffe909882b9/transformed/analysis/instrumentation-dependencies.bin because:
  Build cache is disabled
  Caching not enabled.
Caching disabled for MergeInstrumentationAnalysisTransform: /home/runner/.gradle/caches/modules-2/files-2.1/org.jetbrains.intellij.deps/trove4j/1.0.20200330/3afb14d5f9ceb459d724e907a21145e8ff394f02/trove4j-1.0.20200330.jar because:
  Build cache is disabled
  Caching not enabled.
Caching disabled for ExternalDependencyInstrumentingArtifactTransform: /home/runner/.gradle/caches/9.7.1/transforms/7c96a79dc6e9aba5bf30378fc2425041/transformed/merge/instrumentation-dependencies.bin because:
  Build cache is disabled
  Caching not enabled.
Caching disabled for MergeInstrumentationAnalysisTransform: /home/runner/.gradle/caches/modules-2/files-2.1/org.jetbrains.kotlin/kotlin-reflect/1.8.20-RC2/23853310e93f1c418a827be6fabe6f903addd231/kotlin-reflect-1.8.20-RC2.jar because:
  Build cache is disabled
  Caching not enabled.
Caching disabled for ExternalDependencyInstrumentingArtifactTransform: /home/runner/.gradle/caches/9.7.1/transforms/b117f0dd24ec83d3f9c7a2634708c6ac/transformed/merge/instrumentation-dependencies.bin because:
  Build cache is disabled
  Caching not enabled.
Caching disabled for ExternalDependencyInstrumentingArtifactTransform: /home/runner/.gradle/caches/modules-2/files-2.1/org.jetbrains.intellij.deps/trove4j/1.0.20200330/3afb14d5f9ceb459d724e907a21145e8ff394f02/trove4j-1.0.20200330.jar because:
  Build cache is disabled
  Caching not enabled.
Caching disabled for MergeInstrumentationAnalysisTransform: /home/runner/.gradle/caches/9.7.1/transforms/89e848f918c716646d85deabc32c6168/transformed/analysis/instrumentation-hierarchy.bin because:
  Build cache is disabled
  Caching not enabled.
Caching disabled for MergeInstrumentationAnalysisTransform: /home/runner/.gradle/caches/9.7.1/transforms/89e848f918c716646d85deabc32c6168/transformed/analysis/instrumentation-dependencies.bin because:
  Build cache is disabled
  Caching not enabled.
Caching disabled for MergeInstrumentationAnalysisTransform: /home/runner/.gradle/caches/modules-2/files-2.1/xerces/xercesImpl/2.12.0/f02c844149fd306601f20e0b34853a670bef7fa2/xercesImpl-2.12.0.jar because:
  Build cache is disabled
  Caching not enabled.
Caching disabled for ExternalDependencyInstrumentingArtifactTransform: /home/runner/.gradle/caches/9.7.1/transforms/624a27c83a8a7adf4e5b2f64ee2f9ab8/transformed/merge/instrumentation-dependencies.bin because:
  Build cache is disabled
  Caching not enabled.
Caching disabled for ExternalDependencyInstrumentingArtifactTransform: /home/runner/.gradle/caches/modules-2/files-2.1/com.google.guava/guava/31.1-jre/60458f877d055d0c9114d9e1a2efb737b4bc282c/guava-31.1-jre.jar because:
  Build cache is disabled
  Caching not enabled.
Caching disabled for MergeInstrumentationAnalysisTransform: /home/runner/.gradle/caches/9.7.1/transforms/10ec851e2a781f0975656e40daa0e9c7/transformed/analysis/instrumentation-hierarchy.bin because:
  Build cache is disabled
  Caching not enabled.
Caching disabled for MergeInstrumentationAnalysisTransform: /home/runner/.gradle/caches/9.7.1/transforms/10ec851e2a781f0975656e40daa0e9c7/transformed/analysis/instrumentation-dependencies.bin because:
  Build cache is disabled
  Caching not enabled.
Caching disabled for MergeInstrumentationAnalysisTransform: /home/runner/.gradle/caches/modules-2/files-2.1/org.apache.commons/commons-compress/1.21/4ec95b60d4e86b5c95a0e919cb172a0af98011ef/commons-compress-1.21.jar because:
  Build cache is disabled
  Caching not enabled.
Caching disabled for ExternalDependencyInstrumentingArtifactTransform: /home/runner/.gradle/caches/9.7.1/transforms/f3e69a57ec585a2ac137ed5fd621c21b/transformed/merge/instrumentation-dependencies.bin because:
  Build cache is disabled
  Caching not enabled.
Caching disabled for ExternalDependencyInstrumentingArtifactTransform: /home/runner/.gradle/caches/modules-2/files-2.1/xerces/xercesImpl/2.12.0/f02c844149fd306601f20e0b34853a670bef7fa2/xercesImpl-2.12.0.jar because:
  Build cache is disabled
  Caching not enabled.
Caching disabled for MergeInstrumentationAnalysisTransform: /home/runner/.gradle/caches/9.7.1/transforms/7130d84d76f147995eaceba56feb951c/transformed/analysis/instrumentation-hierarchy.bin because:
  Build cache is disabled
  Caching not enabled.
Caching disabled for MergeInstrumentationAnalysisTransform: /home/runner/.gradle/caches/9.7.1/transforms/7130d84d76f147995eaceba56feb951c/transformed/analysis/instrumentation-dependencies.bin because:
  Build cache is disabled
  Caching not enabled.
Caching disabled for MergeInstrumentationAnalysisTransform: /home/runner/.gradle/caches/modules-2/files-2.1/org.apache.httpcomponents/httpclient/4.5.13/e5f6cae5ca7ecaac1ec2827a9e2d65ae2869cada/httpclient-4.5.13.jar because:
  Build cache is disabled
  Caching not enabled.
Caching disabled for ExternalDependencyInstrumentingArtifactTransform: /home/runner/.gradle/caches/9.7.1/transforms/cb2173298a7064f2b873b5c929722bd3/transformed/merge/instrumentation-dependencies.bin because:
  Build cache is disabled
  Caching not enabled.
Caching disabled for ExternalDependencyInstrumentingArtifactTransform: /home/runner/.gradle/caches/modules-2/files-2.1/org.jetbrains.kotlin/kotlin-reflect/1.8.20-RC2/23853310e93f1c418a827be6fabe6f903addd231/kotlin-reflect-1.8.20-RC2.jar because:
  Build cache is disabled
  Caching not enabled.
Caching disabled for MergeInstrumentationAnalysisTransform: /home/runner/.gradle/caches/9.7.1/transforms/1e9ba3b0d0c64fcba3d84817ba24a17f/transformed/analysis/instrumentation-hierarchy.bin because:
  Build cache is disabled
  Caching not enabled.
Caching disabled for MergeInstrumentationAnalysisTransform: /home/runner/.gradle/caches/9.7.1/transforms/1e9ba3b0d0c64fcba3d84817ba24a17f/transformed/analysis/instrumentation-dependencies.bin because:
  Build cache is disabled
  Caching not enabled.
Caching disabled for MergeInstrumentationAnalysisTransform: /home/runner/.gradle/caches/modules-2/files-2.1/org.apache.httpcomponents/httpcore/4.4.15/7f2e0c573eaa7a74bac2e89b359e1f73d92a0a1d/httpcore-4.4.15.jar because:
  Build cache is disabled
  Caching not enabled.
Caching disabled for ExternalDependencyInstrumentingArtifactTransform: /home/runner/.gradle/caches/9.7.1/transforms/ae276f3b864dd908741d6cfce76ee0aa/transformed/merge/instrumentation-dependencies.bin because:
  Build cache is disabled
  Caching not enabled.
Caching disabled for ExternalDependencyInstrumentingArtifactTransform: /home/runner/.gradle/caches/modules-2/files-2.1/org.apache.httpcomponents/httpclient/4.5.13/e5f6cae5ca7ecaac1ec2827a9e2d65ae2869cada/httpclient-4.5.13.jar because:
  Build cache is disabled
  Caching not enabled.
Caching disabled for MergeInstrumentationAnalysisTransform: /home/runner/.gradle/caches/9.7.1/transforms/0e5bae5dddf2dbaf51a58a53e47cdcf3/transformed/analysis/instrumentation-hierarchy.bin because:
  Build cache is disabled
  Caching not enabled.
Caching disabled for MergeInstrumentationAnalysisTransform: /home/runner/.gradle/caches/9.7.1/transforms/0e5bae5dddf2dbaf51a58a53e47cdcf3/transformed/analysis/instrumentation-dependencies.bin because:
  Build cache is disabled
  Caching not enabled.
Caching disabled for MergeInstrumentationAnalysisTransform: /home/runner/.gradle/caches/modules-2/files-2.1/com.sun.activation/javax.activation/1.2.0/bf744c1e2776ed1de3c55c8dac1057ec331ef744/javax.activation-1.2.0.jar because:
  Build cache is disabled
  Caching not enabled.
Caching disabled for ExternalDependencyInstrumentingArtifactTransform: /home/runner/.gradle/caches/9.7.1/transforms/4ef4ab2d1182326a68cc5e6a7dbfa5e1/transformed/merge/instrumentation-dependencies.bin because:
  Build cache is disabled
  Caching not enabled.
Caching disabled for ExternalDependencyInstrumentingArtifactTransform: /home/runner/.gradle/caches/modules-2/files-2.1/org.apache.httpcomponents/httpcore/4.4.15/7f2e0c573eaa7a74bac2e89b359e1f73d92a0a1d/httpcore-4.4.15.jar because:
  Build cache is disabled
  Caching not enabled.
Caching disabled for MergeInstrumentationAnalysisTransform: /home/runner/.gradle/caches/9.7.1/transforms/441a6741be5d766fe5187a392588a6e5/transformed/analysis/instrumentation-dependencies.bin because:
  Build cache is disabled
  Caching not enabled.
Caching disabled for MergeInstrumentationAnalysisTransform: /home/runner/.gradle/caches/modules-2/files-2.1/org.jetbrains.kotlin/kotlin-stdlib-jdk7/1.8.20-RC2/d100f7cb452c22f937a7bcca2efcc45cc77c7b15/kotlin-stdlib-jdk7-1.8.20-RC2.jar because:
  Build cache is disabled
  Caching not enabled.
Caching disabled for ExternalDependencyInstrumentingArtifactTransform: /home/runner/.gradle/caches/9.7.1/transforms/adc32f7b5e8b47208bc19634d5a0b678/transformed/merge/instrumentation-dependencies.bin because:
  Build cache is disabled
  Caching not enabled.
Caching disabled for ExternalDependencyInstrumentingArtifactTransform: /home/runner/.gradle/caches/modules-2/files-2.1/org.jetbrains.kotlin/kotlin-stdlib-jdk7/1.8.20-RC2/d100f7cb452c22f937a7bcca2efcc45cc77c7b15/kotlin-stdlib-jdk7-1.8.20-RC2.jar because:
  Build cache is disabled
  Caching not enabled.
Caching disabled for MergeInstrumentationAnalysisTransform: /home/runner/.gradle/caches/9.7.1/transforms/046c13ad0e11c8ed2f4416587d7412e9/transformed/analysis/instrumentation-hierarchy.bin because:
  Build cache is disabled
  Caching not enabled.
Caching disabled for MergeInstrumentationAnalysisTransform: /home/runner/.gradle/caches/9.7.1/transforms/046c13ad0e11c8ed2f4416587d7412e9/transformed/analysis/instrumentation-dependencies.bin because:
  Build cache is disabled
  Caching not enabled.
Caching disabled for ExternalDependencyInstrumentingArtifactTransform: /home/runner/.gradle/caches/modules-2/files-2.1/com.sun.activation/javax.activation/1.2.0/bf744c1e2776ed1de3c55c8dac1057ec331ef744/javax.activation-1.2.0.jar because:
  Build cache is disabled
  Caching not enabled.
Caching disabled for MergeInstrumentationAnalysisTransform: /home/runner/.gradle/caches/9.7.1/transforms/81a44ac670246dade6417ddea22886f3/transformed/analysis/instrumentation-dependencies.bin because:
  Build cache is disabled
  Caching not enabled.
Caching disabled for MergeInstrumentationAnalysisTransform: /home/runner/.gradle/caches/modules-2/files-2.1/org.jetbrains/annotations/13.0/919f0dfe192fb4e063e7dacadee7f8bb9a2672a9/annotations-13.0.jar because:
  Build cache is disabled
  Caching not enabled.
Caching disabled for MergeInstrumentationAnalysisTransform: /home/runner/.gradle/caches/modules-2/files-2.1/org.jetbrains.kotlin/kotlin-stdlib/1.8.20-RC2/436a3cf44ea8dc1c65d7a59abda28e232b05d84a/kotlin-stdlib-1.8.20-RC2.jar because:
  Build cache is disabled
  Caching not enabled.
Caching disabled for ExternalDependencyInstrumentingArtifactTransform: /home/runner/.gradle/caches/9.7.1/transforms/15abd8369a41312957eaf904249ef60d/transformed/merge/instrumentation-dependencies.bin because:
  Build cache is disabled
  Caching not enabled.
Caching disabled for ExternalDependencyInstrumentingArtifactTransform: /home/runner/.gradle/caches/9.7.1/transforms/d4d8ab4f047fe0a8febfe938e0916e1a/transformed/merge/instrumentation-dependencies.bin because:
  Build cache is disabled
  Caching not enabled.
Caching disabled for ExternalDependencyInstrumentingArtifactTransform: /home/runner/.gradle/caches/modules-2/files-2.1/org.jetbrains/annotations/13.0/919f0dfe192fb4e063e7dacadee7f8bb9a2672a9/annotations-13.0.jar because:
  Build cache is disabled
  Caching not enabled.
Caching disabled for MergeInstrumentationAnalysisTransform: /home/runner/.gradle/caches/9.7.1/transforms/b9f22be2db88f2eb0abf16babb1abe20/transformed/analysis/instrumentation-hierarchy.bin because:
  Build cache is disabled
  Caching not enabled.
Caching disabled for MergeInstrumentationAnalysisTransform: /home/runner/.gradle/caches/9.7.1/transforms/b9f22be2db88f2eb0abf16babb1abe20/transformed/analysis/instrumentation-dependencies.bin because:
  Build cache is disabled
  Caching not enabled.
Caching disabled for MergeInstrumentationAnalysisTransform: /home/runner/.gradle/caches/modules-2/files-2.1/com.android/signflinger/8.1.0/13f035dd8e7e470ff8f3216a0b46333187f26df5/signflinger-8.1.0.jar because:
  Build cache is disabled
  Caching not enabled.
Caching disabled for ExternalDependencyInstrumentingArtifactTransform: /home/runner/.gradle/caches/9.7.1/transforms/1fe3769d0316bb7e1636ee01d3a376c9/transformed/merge/instrumentation-dependencies.bin because:
  Build cache is disabled
  Caching not enabled.
Caching disabled for ExternalDependencyInstrumentingArtifactTransform: /home/runner/.gradle/caches/modules-2/files-2.1/com.android/signflinger/8.1.0/13f035dd8e7e470ff8f3216a0b46333187f26df5/signflinger-8.1.0.jar because:
  Build cache is disabled
  Caching not enabled.
Caching disabled for MergeInstrumentationAnalysisTransform: /home/runner/.gradle/caches/9.7.1/transforms/cc507b063003fb5eae5fb7e83eb25662/transformed/analysis/instrumentation-hierarchy.bin because:
  Build cache is disabled
  Caching not enabled.
Caching disabled for MergeInstrumentationAnalysisTransform: /home/runner/.gradle/caches/9.7.1/transforms/cc507b063003fb5eae5fb7e83eb25662/transformed/analysis/instrumentation-dependencies.bin because:
  Build cache is disabled
  Caching not enabled.
Caching disabled for MergeInstrumentationAnalysisTransform: /home/runner/.gradle/caches/modules-2/files-2.1/com.android/zipflinger/8.1.0/b450a19b332659b4190f0af34bc734a7e21d464e/zipflinger-8.1.0.jar because:
  Build cache is disabled
  Caching not enabled.
Caching disabled for ExternalDependencyInstrumentingArtifactTransform: /home/runner/.gradle/caches/modules-2/files-2.1/org.apache.commons/commons-compress/1.21/4ec95b60d4e86b5c95a0e919cb172a0af98011ef/commons-compress-1.21.jar because:
  Build cache is disabled
  Caching not enabled.
Caching disabled for ExternalDependencyInstrumentingArtifactTransform: /home/runner/.gradle/caches/9.7.1/transforms/b91d2affd15089f0f645d3de74889e0b/transformed/merge/instrumentation-dependencies.bin because:
  Build cache is disabled
  Caching not enabled.
Caching disabled for MergeInstrumentationAnalysisTransform: /home/runner/.gradle/caches/9.7.1/transforms/7ad4265b609bb9706a3336997b4ce82c/transformed/analysis/instrumentation-dependencies.bin because:
  Build cache is disabled
  Caching not enabled.
Caching disabled for MergeInstrumentationAnalysisTransform: /home/runner/.gradle/caches/modules-2/files-2.1/com.android.tools/annotations/31.1.0/d70720d1aed8e56163636f82782985acfe66eba8/annotations-31.1.0.jar because:
  Build cache is disabled
  Caching not enabled.
Caching disabled for ExternalDependencyInstrumentingArtifactTransform: /home/runner/.gradle/caches/9.7.1/transforms/d67f61adb1617f48cd90fc90bde854e5/transformed/merge/instrumentation-dependencies.bin because:
  Build cache is disabled
  Caching not enabled.
Caching disabled for ExternalDependencyInstrumentingArtifactTransform: /home/runner/.gradle/caches/modules-2/files-2.1/com.android/zipflinger/8.1.0/b450a19b332659b4190f0af34bc734a7e21d464e/zipflinger-8.1.0.jar because:
  Build cache is disabled
  Caching not enabled.
Caching disabled for ExternalDependencyInstrumentingArtifactTransform: /home/runner/.gradle/caches/modules-2/files-2.1/com.android.tools/annotations/31.1.0/d70720d1aed8e56163636f82782985acfe66eba8/annotations-31.1.0.jar because:
  Build cache is disabled
  Caching not enabled.
Caching disabled for MergeInstrumentationAnalysisTransform: /home/runner/.gradle/caches/9.7.1/transforms/418acdc60d36c8825b7a81b7140a2368/transformed/analysis/instrumentation-hierarchy.bin because:
  Build cache is disabled
  Caching not enabled.
Caching disabled for MergeInstrumentationAnalysisTransform: /home/runner/.gradle/caches/9.7.1/transforms/52a672ea120bec7fc8d540098b4936a6/transformed/analysis/instrumentation-hierarchy.bin because:
  Build cache is disabled
  Caching not enabled.
Caching disabled for MergeInstrumentationAnalysisTransform: /home/runner/.gradle/caches/9.7.1/transforms/52a672ea120bec7fc8d540098b4936a6/transformed/analysis/instrumentation-dependencies.bin because:
  Build cache is disabled
  Caching not enabled.
Caching disabled for MergeInstrumentationAnalysisTransform: /home/runner/.gradle/caches/9.7.1/transforms/418acdc60d36c8825b7a81b7140a2368/transformed/analysis/instrumentation-dependencies.bin because:
  Build cache is disabled
  Caching not enabled.
Caching disabled for MergeInstrumentationAnalysisTransform: /home/runner/.gradle/caches/modules-2/files-2.1/com.googlecode.juniversalchardet/juniversalchardet/1.0.3/cd49678784c46aa8789c060538e0154013bb421b/juniversalchardet-1.0.3.jar because:
  Build cache is disabled
  Caching not enabled.
Caching disabled for ExternalDependencyInstrumentingArtifactTransform: /home/runner/.gradle/caches/9.7.1/transforms/80e953550cfcabb68e18b70ff3accaac/transformed/merge/instrumentation-dependencies.bin because:
  Build cache is disabled
  Caching not enabled.
Caching disabled for MergeInstrumentationAnalysisTransform: /home/runner/.gradle/caches/modules-2/files-2.1/net.java.dev.jna/jna-platform/5.6.0/d18424ffb8bbfd036d71bcaab9b546858f2ef986/jna-platform-5.6.0.jar because:
  Build cache is disabled
  Caching not enabled.
Caching disabled for ExternalDependencyInstrumentingArtifactTransform: /home/runner/.gradle/caches/9.7.1/transforms/55cba7baac84ce4b2e35af84d4e76759/transformed/merge/instrumentation-dependencies.bin because:
  Build cache is disabled
  Caching not enabled.
Caching disabled for ExternalDependencyInstrumentingArtifactTransform: /home/runner/.gradle/caches/modules-2/files-2.1/com.googlecode.juniversalchardet/juniversalchardet/1.0.3/cd49678784c46aa8789c060538e0154013bb421b/juniversalchardet-1.0.3.jar because:
  Build cache is disabled
  Caching not enabled.
Caching disabled for MergeInstrumentationAnalysisTransform: /home/runner/.gradle/caches/9.7.1/transforms/b256a6d6af25905cb5d195c4f0a21820/transformed/analysis/instrumentation-dependencies.bin because:
  Build cache is disabled
  Caching not enabled.
Caching disabled for MergeInstrumentationAnalysisTransform: /home/runner/.gradle/caches/modules-2/files-2.1/javax.annotation/javax.annotation-api/1.3.2/934c04d3cfef185a8008e7bf34331b79730a9d43/javax.annotation-api-1.3.2.jar because:
  Build cache is disabled
  Caching not enabled.
Caching disabled for ExternalDependencyInstrumentingArtifactTransform: /home/runner/.gradle/caches/9.7.1/transforms/7d73d83e57884544c9e050fe0553c2d2/transformed/merge/instrumentation-dependencies.bin because:
  Build cache is disabled
  Caching not enabled.
Caching disabled for ExternalDependencyInstrumentingArtifactTransform: /home/runner/.gradle/caches/modules-2/files-2.1/javax.annotation/javax.annotation-api/1.3.2/934c04d3cfef185a8008e7bf34331b79730a9d43/javax.annotation-api-1.3.2.jar because:
  Build cache is disabled
  Caching not enabled.
Caching disabled for MergeInstrumentationAnalysisTransform: /home/runner/.gradle/caches/9.7.1/transforms/519355526de068562868b8fefab36674/transformed/analysis/instrumentation-hierarchy.bin because:
  Build cache is disabled
  Caching not enabled.
Caching disabled for MergeInstrumentationAnalysisTransform: /home/runner/.gradle/caches/9.7.1/transforms/519355526de068562868b8fefab36674/transformed/analysis/instrumentation-dependencies.bin because:
  Build cache is disabled
  Caching not enabled.
Caching disabled for MergeInstrumentationAnalysisTransform: /home/runner/.gradle/caches/modules-2/files-2.1/org.jvnet.staxex/stax-ex/1.8.1/78011e483a21102fb4858f3e8f269a677e50aa23/stax-ex-1.8.1.jar because:
  Build cache is disabled
  Caching not enabled.
Caching disabled for ExternalDependencyInstrumentingArtifactTransform: /home/runner/.gradle/caches/9.7.1/transforms/7fedd1f6310d2eb33e3deb6187ddf9de/transformed/merge/instrumentation-dependencies.bin because:
  Build cache is disabled
  Caching not enabled.
Caching disabled for ExternalDependencyInstrumentingArtifactTransform: /home/runner/.gradle/caches/modules-2/files-2.1/org.jvnet.staxex/stax-ex/1.8.1/78011e483a21102fb4858f3e8f269a677e50aa23/stax-ex-1.8.1.jar because:
  Build cache is disabled
  Caching not enabled.
Caching disabled for MergeInstrumentationAnalysisTransform: /home/runner/.gradle/caches/9.7.1/transforms/02101700b2b96c2a474a89a2a8272f27/transformed/analysis/instrumentation-hierarchy.bin because:
  Build cache is disabled
  Caching not enabled.
Caching disabled for MergeInstrumentationAnalysisTransform: /home/runner/.gradle/caches/9.7.1/transforms/02101700b2b96c2a474a89a2a8272f27/transformed/analysis/instrumentation-dependencies.bin because:
  Build cache is disabled
  Caching not enabled.
Caching disabled for MergeInstrumentationAnalysisTransform: /home/runner/.gradle/caches/modules-2/files-2.1/jakarta.xml.bind/jakarta.xml.bind-api/2.3.2/8d49996a4338670764d7ca4b85a1c4ccf7fe665d/jakarta.xml.bind-api-2.3.2.jar because:
  Build cache is disabled
  Caching not enabled.
Caching disabled for ExternalDependencyInstrumentingArtifactTransform: /home/runner/.gradle/caches/9.7.1/transforms/d6dc2fc923d298299c6fb4df8a2e14f9/transformed/merge/instrumentation-dependencies.bin because:
  Build cache is disabled
  Caching not enabled.
Caching disabled for ExternalDependencyInstrumentingArtifactTransform: /home/runner/.gradle/caches/modules-2/files-2.1/org.bouncycastle/bcprov-jdk15on/1.67/8c0998045da87dbc2f1d4b6480458ed811ca7b82/bcprov-jdk15on-1.67.jar because:
  Build cache is disabled
  Caching not enabled.
Caching disabled for MergeInstrumentationAnalysisTransform: /home/runner/.gradle/caches/9.7.1/transforms/fa1b3367dd0eb7e9c57f7d8a99039563/transformed/analysis/instrumentation-hierarchy.bin because:
  Build cache is disabled
  Caching not enabled.
Caching disabled for MergeInstrumentationAnalysisTransform: /home/runner/.gradle/caches/9.7.1/transforms/fa1b3367dd0eb7e9c57f7d8a99039563/transformed/analysis/instrumentation-dependencies.bin because:
  Build cache is disabled
  Caching not enabled.
Caching disabled for MergeInstrumentationAnalysisTransform: /home/runner/.gradle/caches/modules-2/files-2.1/org.glassfish.jaxb/txw2/2.3.2/ce5be7da2e442c25ec14c766cb60cb802741727b/txw2-2.3.2.jar because:
  Build cache is disabled
  Caching not enabled.
Caching disabled for ExternalDependencyInstrumentingArtifactTransform: /home/runner/.gradle/caches/9.7.1/transforms/5768d002b721250de466a1cc9a180497/transformed/merge/instrumentation-dependencies.bin because:
  Build cache is disabled
  Caching not enabled.
Caching disabled for ExternalDependencyInstrumentingArtifactTransform: /home/runner/.gradle/caches/modules-2/files-2.1/jakarta.xml.bind/jakarta.xml.bind-api/2.3.2/8d49996a4338670764d7ca4b85a1c4ccf7fe665d/jakarta.xml.bind-api-2.3.2.jar because:
  Build cache is disabled
  Caching not enabled.
Caching disabled for MergeInstrumentationAnalysisTransform: /home/runner/.gradle/caches/9.7.1/transforms/ae037bd8b281be6b380af6fb2373809b/transformed/analysis/instrumentation-hierarchy.bin because:
  Build cache is disabled
  Caching not enabled.
Caching disabled for MergeInstrumentationAnalysisTransform: /home/runner/.gradle/caches/9.7.1/transforms/ae037bd8b281be6b380af6fb2373809b/transformed/analysis/instrumentation-dependencies.bin because:
  Build cache is disabled
  Caching not enabled.
Caching disabled for MergeInstrumentationAnalysisTransform: /home/runner/.gradle/caches/modules-2/files-2.1/com.sun.istack/istack-commons-runtime/3.0.8/d6a97364045aa6b99bf2d3c566a3f98599c2d296/istack-commons-runtime-3.0.8.jar because:
  Build cache is disabled
  Caching not enabled.
Caching disabled for ExternalDependencyInstrumentingArtifactTransform: /home/runner/.gradle/caches/9.7.1/transforms/8b02194eaa9674601d6129feb40c3ba4/transformed/merge/instrumentation-dependencies.bin because:
  Build cache is disabled
  Caching not enabled.
Caching disabled for ExternalDependencyInstrumentingArtifactTransform: /home/runner/.gradle/caches/modules-2/files-2.1/org.glassfish.jaxb/txw2/2.3.2/ce5be7da2e442c25ec14c766cb60cb802741727b/txw2-2.3.2.jar because:
  Build cache is disabled
  Caching not enabled.
Caching disabled for ExternalDependencyInstrumentingArtifactTransform: /home/runner/.gradle/caches/modules-2/files-2.1/com.sun.istack/istack-commons-runtime/3.0.8/d6a97364045aa6b99bf2d3c566a3f98599c2d296/istack-commons-runtime-3.0.8.jar because:
  Build cache is disabled
  Caching not enabled.
Caching disabled for MergeInstrumentationAnalysisTransform: /home/runner/.gradle/caches/9.7.1/transforms/7ce254947106a21a3381087443bbad9c/transformed/analysis/instrumentation-hierarchy.bin because:
  Build cache is disabled
  Caching not enabled.
Caching disabled for MergeInstrumentationAnalysisTransform: /home/runner/.gradle/caches/9.7.1/transforms/0e5245cedaf833c4b7197430d3a4e62f/transformed/analysis/instrumentation-hierarchy.bin because:
  Build cache is disabled
  Caching not enabled.
Caching disabled for MergeInstrumentationAnalysisTransform: /home/runner/.gradle/caches/9.7.1/transforms/0e5245cedaf833c4b7197430d3a4e62f/transformed/analysis/instrumentation-dependencies.bin because:
  Build cache is disabled
  Caching not enabled.
Caching disabled for MergeInstrumentationAnalysisTransform: /home/runner/.gradle/caches/9.7.1/transforms/7ce254947106a21a3381087443bbad9c/transformed/analysis/instrumentation-dependencies.bin because:
  Build cache is disabled
  Caching not enabled.
Caching disabled for MergeInstrumentationAnalysisTransform: /home/runner/.gradle/caches/modules-2/files-2.1/jakarta.activation/jakarta.activation-api/1.2.1/562a587face36ec7eff2db7f2fc95425c6602bc1/jakarta.activation-api-1.2.1.jar because:
  Build cache is disabled
  Caching not enabled.
Caching disabled for MergeInstrumentationAnalysisTransform: /home/runner/.gradle/caches/modules-2/files-2.1/com.sun.xml.fastinfoset/FastInfoset/1.2.16/4eb6a0adad553bf759ffe86927df6f3b848c8bea/FastInfoset-1.2.16.jar because:
  Build cache is disabled
  Caching not enabled.
Caching disabled for ExternalDependencyInstrumentingArtifactTransform: /home/runner/.gradle/caches/9.7.1/transforms/022fd76537ac5800fee1f04dc829ef5d/transformed/merge/instrumentation-dependencies.bin because:
  Build cache is disabled
  Caching not enabled.
Caching disabled for ExternalDependencyInstrumentingArtifactTransform: /home/runner/.gradle/caches/9.7.1/transforms/963c379282f4d718dfb2f434b722c74f/transformed/merge/instrumentation-dependencies.bin because:
  Build cache is disabled
  Caching not enabled.
Caching disabled for ExternalDependencyInstrumentingArtifactTransform: /home/runner/.gradle/caches/modules-2/files-2.1/jakarta.activation/jakarta.activation-api/1.2.1/562a587face36ec7eff2db7f2fc95425c6602bc1/jakarta.activation-api-1.2.1.jar because:
  Build cache is disabled
  Caching not enabled.
Caching disabled for MergeInstrumentationAnalysisTransform: /home/runner/.gradle/caches/9.7.1/transforms/a750bdb5bbc4eb48e7b24e35c2354d15/transformed/analysis/instrumentation-dependencies.bin because:
  Build cache is disabled
  Caching not enabled.
Caching disabled for MergeInstrumentationAnalysisTransform: /home/runner/.gradle/caches/modules-2/files-2.1/com.google.auto.value/auto-value-annotations/1.6.2/ed193d86e0af90cc2342aedbe73c5d86b03fa09b/auto-value-annotations-1.6.2.jar because:
  Build cache is disabled
  Caching not enabled.
Caching disabled for ExternalDependencyInstrumentingArtifactTransform: /home/runner/.gradle/caches/9.7.1/transforms/dba97038e29be6b75e17a1c41db8889f/transformed/merge/instrumentation-dependencies.bin because:
  Build cache is disabled
  Caching not enabled.
Caching disabled for ExternalDependencyInstrumentingArtifactTransform: /home/runner/.gradle/caches/modules-2/files-2.1/com.google.auto.value/auto-value-annotations/1.6.2/ed193d86e0af90cc2342aedbe73c5d86b03fa09b/auto-value-annotations-1.6.2.jar because:
  Build cache is disabled
  Caching not enabled.
Caching disabled for MergeInstrumentationAnalysisTransform: /home/runner/.gradle/caches/9.7.1/transforms/59fde9856d52e27342b92bddeb205141/transformed/analysis/instrumentation-dependencies.bin because:
  Build cache is disabled
  Caching not enabled.
Caching disabled for ExternalDependencyInstrumentingArtifactTransform: /home/runner/.gradle/caches/modules-2/files-2.1/com.sun.xml.fastinfoset/FastInfoset/1.2.16/4eb6a0adad553bf759ffe86927df6f3b848c8bea/FastInfoset-1.2.16.jar because:
  Build cache is disabled
  Caching not enabled.
Caching disabled for MergeInstrumentationAnalysisTransform: /home/runner/.gradle/caches/9.7.1/transforms/fb5fd4b59d3822fe88261ef04dccf8c7/transformed/analysis/instrumentation-hierarchy.bin because:
  Build cache is disabled
  Caching not enabled.
Caching disabled for MergeInstrumentationAnalysisTransform: /home/runner/.gradle/caches/modules-2/files-2.1/com.google.errorprone/error_prone_annotations/2.11.0/c5a0ace696d3f8b1c1d8cc036d8c03cc0cbe6b69/error_prone_annotations-2.11.0.jar because:
  Build cache is disabled
  Caching not enabled.
Caching disabled for MergeInstrumentationAnalysisTransform: /home/runner/.gradle/caches/9.7.1/transforms/fb5fd4b59d3822fe88261ef04dccf8c7/transformed/analysis/instrumentation-dependencies.bin because:
  Build cache is disabled
  Caching not enabled.
Caching disabled for ExternalDependencyInstrumentingArtifactTransform: /home/runner/.gradle/caches/9.7.1/transforms/8d9abfa9b396e22162af3936dcf8f9c1/transformed/merge/instrumentation-dependencies.bin because:
  Build cache is disabled
  Caching not enabled.
Caching disabled for MergeInstrumentationAnalysisTransform: /home/runner/.gradle/caches/modules-2/files-2.1/org.bitbucket.b_c/jose4j/0.7.0/478ee8518687f9b01f20912fc7edd9d7b46d06da/jose4j-0.7.0.jar because:
  Build cache is disabled
  Caching not enabled.
Caching disabled for ExternalDependencyInstrumentingArtifactTransform: /home/runner/.gradle/caches/modules-2/files-2.1/net.java.dev.jna/jna-platform/5.6.0/d18424ffb8bbfd036d71bcaab9b546858f2ef986/jna-platform-5.6.0.jar because:
  Build cache is disabled
  Caching not enabled.
Caching disabled for ExternalDependencyInstrumentingArtifactTransform: /home/runner/.gradle/caches/9.7.1/transforms/1d5c4e86127aa2c8d6e32e61bab05026/transformed/merge/instrumentation-dependencies.bin because:
  Build cache is disabled
  Caching not enabled.
Caching disabled for ExternalDependencyInstrumentingArtifactTransform: /home/runner/.gradle/caches/modules-2/files-2.1/com.google.errorprone/error_prone_annotations/2.11.0/c5a0ace696d3f8b1c1d8cc036d8c03cc0cbe6b69/error_prone_annotations-2.11.0.jar because:
  Build cache is disabled
  Caching not enabled.
Caching disabled for MergeInstrumentationAnalysisTransform: /home/runner/.gradle/caches/9.7.1/transforms/ed64cb312e97f8982bdd177cd5a1c91c/transformed/analysis/instrumentation-hierarchy.bin because:
  Build cache is disabled
  Caching not enabled.
Caching disabled for MergeInstrumentationAnalysisTransform: /home/runner/.gradle/caches/9.7.1/transforms/f4685bcdb7d9e4f703ad739725c03aa0/transformed/analysis/instrumentation-hierarchy.bin because:
  Build cache is disabled
  Caching not enabled.
Caching disabled for MergeInstrumentationAnalysisTransform: /home/runner/.gradle/caches/9.7.1/transforms/ed64cb312e97f8982bdd177cd5a1c91c/transformed/analysis/instrumentation-dependencies.bin because:
  Build cache is disabled
  Caching not enabled.
Caching disabled for MergeInstrumentationAnalysisTransform: /home/runner/.gradle/caches/9.7.1/transforms/f4685bcdb7d9e4f703ad739725c03aa0/transformed/analysis/instrumentation-dependencies.bin because:
  Build cache is disabled
  Caching not enabled.
Caching disabled for MergeInstrumentationAnalysisTransform: /home/runner/.gradle/caches/modules-2/files-2.1/org.slf4j/slf4j-api/1.7.30/b5a4b6d16ab13e34a88fae84c35cd5d68cac922c/slf4j-api-1.7.30.jar because:
  Build cache is disabled
  Caching not enabled.
Caching disabled for ExternalDependencyInstrumentingArtifactTransform: /home/runner/.gradle/caches/9.7.1/transforms/c425ac87efdbf3da37e78e35f58f5fd8/transformed/merge/instrumentation-dependencies.bin because:
  Build cache is disabled
  Caching not enabled.
Caching disabled for MergeInstrumentationAnalysisTransform: /home/runner/.gradle/caches/modules-2/files-2.1/org.jdom/jdom2/2.0.6/6f14738ec2e9dd0011e343717fa624a10f8aab64/jdom2-2.0.6.jar because:
  Build cache is disabled
  Caching not enabled.
Caching disabled for ExternalDependencyInstrumentingArtifactTransform: /home/runner/.gradle/caches/9.7.1/transforms/969ea0f34f104663c95026cde18f1294/transformed/merge/instrumentation-dependencies.bin because:
  Build cache is disabled
  Caching not enabled.
Caching disabled for ExternalDependencyInstrumentingArtifactTransform: /home/runner/.gradle/caches/modules-2/files-2.1/org.jetbrains.kotlin/kotlin-stdlib/1.8.20-RC2/436a3cf44ea8dc1c65d7a59abda28e232b05d84a/kotlin-stdlib-1.8.20-RC2.jar because:
  Build cache is disabled
  Caching not enabled.
Caching disabled for ExternalDependencyInstrumentingArtifactTransform: /home/runner/.gradle/caches/modules-2/files-2.1/org.slf4j/slf4j-api/1.7.30/b5a4b6d16ab13e34a88fae84c35cd5d68cac922c/slf4j-api-1.7.30.jar because:
  Build cache is disabled
  Caching not enabled.
Caching disabled for MergeInstrumentationAnalysisTransform: /home/runner/.gradle/caches/9.7.1/transforms/223993a1918a26e0deb7a0caf18af058/transformed/analysis/instrumentation-dependencies.bin because:
  Build cache is disabled
  Caching not enabled.
Caching disabled for MergeInstrumentationAnalysisTransform: /home/runner/.gradle/caches/9.7.1/transforms/9357dd5df4ffad234426bcec56e5a7e2/transformed/analysis/instrumentation-hierarchy.bin because:
  Build cache is disabled
  Caching not enabled.
Caching disabled for MergeInstrumentationAnalysisTransform: /home/runner/.gradle/caches/modules-2/files-2.1/com.google.j2objc/j2objc-annotations/1.3/ba035118bc8bac37d7eff77700720999acd9986d/j2objc-annotations-1.3.jar because:
  Build cache is disabled
  Caching not enabled.
Caching disabled for MergeInstrumentationAnalysisTransform: /home/runner/.gradle/caches/9.7.1/transforms/9357dd5df4ffad234426bcec56e5a7e2/transformed/analysis/instrumentation-dependencies.bin because:
  Build cache is disabled
  Caching not enabled.
Caching disabled for MergeInstrumentationAnalysisTransform: /home/runner/.gradle/caches/modules-2/files-2.1/com.google.code.findbugs/jsr305/3.0.2/25ea2e8b0c338a877313bd4672d3fe056ea78f0d/jsr305-3.0.2.jar because:
  Build cache is disabled
  Caching not enabled.
Caching disabled for ExternalDependencyInstrumentingArtifactTransform: /home/runner/.gradle/caches/9.7.1/transforms/2a17cbd546f92cb9a34edf2e936b901f/transformed/merge/instrumentation-dependencies.bin because:
  Build cache is disabled
  Caching not enabled.
Caching disabled for ExternalDependencyInstrumentingArtifactTransform: /home/runner/.gradle/caches/9.7.1/transforms/1893b2026bff986dc846f85443ff3bad/transformed/merge/instrumentation-dependencies.bin because:
  Build cache is disabled
  Caching not enabled.
Caching disabled for ExternalDependencyInstrumentingArtifactTransform: /home/runner/.gradle/caches/modules-2/files-2.1/com.google.j2objc/j2objc-annotations/1.3/ba035118bc8bac37d7eff77700720999acd9986d/j2objc-annotations-1.3.jar because:
  Build cache is disabled
  Caching not enabled.
Caching disabled for MergeInstrumentationAnalysisTransform: /home/runner/.gradle/caches/9.7.1/transforms/bdf686ab30a3d94185f75a78d935374d/transformed/analysis/instrumentation-dependencies.bin because:
  Build cache is disabled
  Caching not enabled.
Caching disabled for MergeInstrumentationAnalysisTransform: /home/runner/.gradle/caches/modules-2/files-2.1/com.google.android/annotations/4.1.1.4/a1678ba907bf92691d879fef34e1a187038f9259/annotations-4.1.1.4.jar because:
  Build cache is disabled
  Caching not enabled.
Caching disabled for ExternalDependencyInstrumentingArtifactTransform: /home/runner/.gradle/caches/modules-2/files-2.1/org.bitbucket.b_c/jose4j/0.7.0/478ee8518687f9b01f20912fc7edd9d7b46d06da/jose4j-0.7.0.jar because:
  Build cache is disabled
  Caching not enabled.
Caching disabled for ExternalDependencyInstrumentingArtifactTransform: /home/runner/.gradle/caches/9.7.1/transforms/88a472a679ec27d609fa317fd9c77f82/transformed/merge/instrumentation-dependencies.bin because:
  Build cache is disabled
  Caching not enabled.
Caching disabled for ExternalDependencyInstrumentingArtifactTransform: /home/runner/.gradle/caches/modules-2/files-2.1/com.google.code.findbugs/jsr305/3.0.2/25ea2e8b0c338a877313bd4672d3fe056ea78f0d/jsr305-3.0.2.jar because:
  Build cache is disabled
  Caching not enabled.
Caching disabled for ExternalDependencyInstrumentingArtifactTransform: /home/runner/.gradle/caches/modules-2/files-2.1/com.google.android/annotations/4.1.1.4/a1678ba907bf92691d879fef34e1a187038f9259/annotations-4.1.1.4.jar because:
  Build cache is disabled
  Caching not enabled.
Caching disabled for MergeInstrumentationAnalysisTransform: /home/runner/.gradle/caches/9.7.1/transforms/e4357f91b237432add969b4e76880f08/transformed/analysis/instrumentation-dependencies.bin because:
  Build cache is disabled
  Caching not enabled.
Caching disabled for MergeInstrumentationAnalysisTransform: /home/runner/.gradle/caches/9.7.1/transforms/82e8840e0ca569529db4da7048dc8808/transformed/analysis/instrumentation-hierarchy.bin because:
  Build cache is disabled
  Caching not enabled.
Caching disabled for MergeInstrumentationAnalysisTransform: /home/runner/.gradle/caches/9.7.1/transforms/82e8840e0ca569529db4da7048dc8808/transformed/analysis/instrumentation-dependencies.bin because:
  Build cache is disabled
  Caching not enabled.
Caching disabled for MergeInstrumentationAnalysisTransform: /home/runner/.gradle/caches/9.7.1/transforms/889797ad7241c7458dfdb93abfdb3e0f/transformed/analysis/instrumentation-hierarchy.bin because:
  Build cache is disabled
  Caching not enabled.
Caching disabled for MergeInstrumentationAnalysisTransform: /home/runner/.gradle/caches/9.7.1/transforms/889797ad7241c7458dfdb93abfdb3e0f/transformed/analysis/instrumentation-dependencies.bin because:
  Build cache is disabled
  Caching not enabled.
Caching disabled for MergeInstrumentationAnalysisTransform: /home/runner/.gradle/caches/modules-2/files-2.1/org.codehaus.mojo/animal-sniffer-annotations/1.19/1536e1a8fd552dc05f12b5f0827fbb2ee3d5a89b/animal-sniffer-annotations-1.19.jar because:
  Build cache is disabled
  Caching not enabled.
Caching disabled for ExternalDependencyInstrumentingArtifactTransform: /home/runner/.gradle/caches/9.7.1/transforms/a9a1aba3b49359c3117b42d2b527af9d/transformed/merge/instrumentation-dependencies.bin because:
  Build cache is disabled
  Caching not enabled.
Caching disabled for MergeInstrumentationAnalysisTransform: /home/runner/.gradle/caches/modules-2/files-2.1/io.perfmark/perfmark-api/0.23.0/b813b7539fae6550541da8caafd6add86d4e22f/perfmark-api-0.23.0.jar because:
  Build cache is disabled
  Caching not enabled.
Caching disabled for MergeInstrumentationAnalysisTransform: /home/runner/.gradle/caches/modules-2/files-2.1/io.netty/netty-codec-http2/4.1.72.Final/4b269e666fbace27d2c1efa57703e99b09655822/netty-codec-http2-4.1.72.Final.jar because:
  Build cache is disabled
  Caching not enabled.
Caching disabled for ExternalDependencyInstrumentingArtifactTransform: /home/runner/.gradle/caches/9.7.1/transforms/fedf4c01ac18db8e05d6013acc287836/transformed/merge/instrumentation-dependencies.bin because:
  Build cache is disabled
  Caching not enabled.
Caching disabled for ExternalDependencyInstrumentingArtifactTransform: /home/runner/.gradle/caches/9.7.1/transforms/dfbd4156b2577caffc128a251cb73cd0/transformed/merge/instrumentation-dependencies.bin because:
  Build cache is disabled
  Caching not enabled.
Caching disabled for ExternalDependencyInstrumentingArtifactTransform: /home/runner/.gradle/caches/modules-2/files-2.1/org.codehaus.mojo/animal-sniffer-annotations/1.19/1536e1a8fd552dc05f12b5f0827fbb2ee3d5a89b/animal-sniffer-annotations-1.19.jar because:
  Build cache is disabled
  Caching not enabled.
Caching disabled for ExternalDependencyInstrumentingArtifactTransform: /home/runner/.gradle/caches/modules-2/files-2.1/org.jdom/jdom2/2.0.6/6f14738ec2e9dd0011e343717fa624a10f8aab64/jdom2-2.0.6.jar because:
  Build cache is disabled
  Caching not enabled.
Caching disabled for MergeInstrumentationAnalysisTransform: /home/runner/.gradle/caches/9.7.1/transforms/52b23623dbfb5bb6d79df0e365ce4b7a/transformed/analysis/instrumentation-hierarchy.bin because:
  Build cache is disabled
  Caching not enabled.
Caching disabled for ExternalDependencyInstrumentingArtifactTransform: /home/runner/.gradle/caches/modules-2/files-2.1/io.perfmark/perfmark-api/0.23.0/b813b7539fae6550541da8caafd6add86d4e22f/perfmark-api-0.23.0.jar because:
  Build cache is disabled
  Caching not enabled.
Caching disabled for MergeInstrumentationAnalysisTransform: /home/runner/.gradle/caches/9.7.1/transforms/52b23623dbfb5bb6d79df0e365ce4b7a/transformed/analysis/instrumentation-dependencies.bin because:
  Build cache is disabled
  Caching not enabled.
Caching disabled for MergeInstrumentationAnalysisTransform: /home/runner/.gradle/caches/9.7.1/transforms/51f00dacf2382b8ee13baf96aeafdd56/transformed/analysis/instrumentation-dependencies.bin because:
  Build cache is disabled
  Caching not enabled.
Caching disabled for MergeInstrumentationAnalysisTransform: /home/runner/.gradle/caches/9.7.1/transforms/fa98ee420853a2d8f6a52ef294b3a6c7/transformed/analysis/instrumentation-hierarchy.bin because:
  Build cache is disabled
  Caching not enabled.
Caching disabled for MergeInstrumentationAnalysisTransform: /home/runner/.gradle/caches/9.7.1/transforms/fa98ee420853a2d8f6a52ef294b3a6c7/transformed/analysis/instrumentation-dependencies.bin because:
  Build cache is disabled
  Caching not enabled.
Caching disabled for MergeInstrumentationAnalysisTransform: /home/runner/.gradle/caches/modules-2/files-2.1/org.checkerframework/checker-qual/3.12.0/d5692f0526415fcc6de94bb5bfbd3afd9dd3b3e5/checker-qual-3.12.0.jar because:
  Build cache is disabled
  Caching not enabled.
Caching disabled for ExternalDependencyInstrumentingArtifactTransform: /home/runner/.gradle/caches/9.7.1/transforms/1211c9153bf1413061da524719c348cc/transformed/merge/instrumentation-dependencies.bin because:
  Build cache is disabled
  Caching not enabled.
Caching disabled for MergeInstrumentationAnalysisTransform: /home/runner/.gradle/caches/modules-2/files-2.1/io.netty/netty-handler-proxy/4.1.72.Final/90de0fe610454d4296052ae36acb8a6a1d0333f1/netty-handler-proxy-4.1.72.Final.jar because:
  Build cache is disabled
  Caching not enabled.
Caching disabled for MergeInstrumentationAnalysisTransform: /home/runner/.gradle/caches/modules-2/files-2.1/commons-codec/commons-codec/1.11/3acb4705652e16236558f0f4f2192cc33c3bd189/commons-codec-1.11.jar because:
  Build cache is disabled
  Caching not enabled.
Caching disabled for ExternalDependencyInstrumentingArtifactTransform: /home/runner/.gradle/caches/9.7.1/transforms/39eb89b4f686a1666fd665e2c79f12f3/transformed/merge/instrumentation-dependencies.bin because:
  Build cache is disabled
  Caching not enabled.
Caching disabled for ExternalDependencyInstrumentingArtifactTransform: /home/runner/.gradle/caches/9.7.1/transforms/90e6f3bdcc573bcda07d9259c31a0f57/transformed/merge/instrumentation-dependencies.bin because:
  Build cache is disabled
  Caching not enabled.
Caching disabled for ExternalDependencyInstrumentingArtifactTransform: /home/runner/.gradle/caches/modules-2/files-2.1/io.netty/netty-handler-proxy/4.1.72.Final/90de0fe610454d4296052ae36acb8a6a1d0333f1/netty-handler-proxy-4.1.72.Final.jar because:
  Build cache is disabled
  Caching not enabled.
Caching disabled for MergeInstrumentationAnalysisTransform: /home/runner/.gradle/caches/9.7.1/transforms/e045ea9c76cf2ea395937f1c35e542cb/transformed/analysis/instrumentation-hierarchy.bin because:
  Build cache is disabled
  Caching not enabled.
Caching disabled for MergeInstrumentationAnalysisTransform: /home/runner/.gradle/caches/9.7.1/transforms/e045ea9c76cf2ea395937f1c35e542cb/transformed/analysis/instrumentation-dependencies.bin because:
  Build cache is disabled
  Caching not enabled.
Caching disabled for ExternalDependencyInstrumentingArtifactTransform: /home/runner/.gradle/caches/modules-2/files-2.1/commons-codec/commons-codec/1.11/3acb4705652e16236558f0f4f2192cc33c3bd189/commons-codec-1.11.jar because:
  Build cache is disabled
  Caching not enabled.
Caching disabled for MergeInstrumentationAnalysisTransform: /home/runner/.gradle/caches/9.7.1/transforms/3e5df928086fe09743bcaaa1177e9ef4/transformed/analysis/instrumentation-hierarchy.bin because:
  Build cache is disabled
  Caching not enabled.
Caching disabled for ExternalDependencyInstrumentingArtifactTransform: /home/runner/.gradle/caches/modules-2/files-2.1/org.checkerframework/checker-qual/3.12.0/d5692f0526415fcc6de94bb5bfbd3afd9dd3b3e5/checker-qual-3.12.0.jar because:
  Build cache is disabled
  Caching not enabled.
Caching disabled for MergeInstrumentationAnalysisTransform: /home/runner/.gradle/caches/9.7.1/transforms/3e5df928086fe09743bcaaa1177e9ef4/transformed/analysis/instrumentation-dependencies.bin because:
  Build cache is disabled
  Caching not enabled.
Caching disabled for MergeInstrumentationAnalysisTransform: /home/runner/.gradle/caches/9.7.1/transforms/17c99f052f81fbde7eed15eeb65f94bc/transformed/analysis/instrumentation-dependencies.bin because:
  Build cache is disabled
  Caching not enabled.
Caching disabled for MergeInstrumentationAnalysisTransform: /home/runner/.gradle/caches/modules-2/files-2.1/com.android.tools.build/apksig/8.1.0/9125e1bb9607abb6d2d582f6b551360b0258658a/apksig-8.1.0.jar because:
  Build cache is disabled
  Caching not enabled.
Caching disabled for MergeInstrumentationAnalysisTransform: /home/runner/.gradle/caches/modules-2/files-2.1/com.google.guava/failureaccess/1.0.1/1dcf1de382a0bf95a3d8b0849546c88bac1292c9/failureaccess-1.0.1.jar because:
  Build cache is disabled
  Caching not enabled.
Caching disabled for ExternalDependencyInstrumentingArtifactTransform: /home/runner/.gradle/caches/9.7.1/transforms/9b1ced2f67d3be9db48a0074cba5cdbf/transformed/merge/instrumentation-dependencies.bin because:
  Build cache is disabled
  Caching not enabled.
Caching disabled for MergeInstrumentationAnalysisTransform: /home/runner/.gradle/caches/modules-2/files-2.1/com.squareup/javawriter/2.5.0/81241ff7078ef14f42ea2a8995fa09c096256e6b/javawriter-2.5.0.jar because:
  Build cache is disabled
  Caching not enabled.
Caching disabled for ExternalDependencyInstrumentingArtifactTransform: /home/runner/.gradle/caches/9.7.1/transforms/be92e877d942eb521a30aee0a28158e7/transformed/merge/instrumentation-dependencies.bin because:
  Build cache is disabled
  Caching not enabled.
Caching disabled for ExternalDependencyInstrumentingArtifactTransform: /home/runner/.gradle/caches/9.7.1/transforms/92ae0e656eb5e49fc473298437581dba/transformed/merge/instrumentation-dependencies.bin because:
  Build cache is disabled
  Caching not enabled.
Caching disabled for ExternalDependencyInstrumentingArtifactTransform: /home/runner/.gradle/caches/modules-2/files-2.1/com.google.guava/failureaccess/1.0.1/1dcf1de382a0bf95a3d8b0849546c88bac1292c9/failureaccess-1.0.1.jar because:
  Build cache is disabled
  Caching not enabled.
Caching disabled for ExternalDependencyInstrumentingArtifactTransform: /home/runner/.gradle/caches/modules-2/files-2.1/com.squareup/javawriter/2.5.0/81241ff7078ef14f42ea2a8995fa09c096256e6b/javawriter-2.5.0.jar because:
  Build cache is disabled
  Caching not enabled.
Caching disabled for MergeInstrumentationAnalysisTransform: /home/runner/.gradle/caches/9.7.1/transforms/cb11479a9d8643d9cbda14157f839c09/transformed/analysis/instrumentation-hierarchy.bin because:
  Build cache is disabled
  Caching not enabled.
Caching disabled for MergeInstrumentationAnalysisTransform: /home/runner/.gradle/caches/9.7.1/transforms/a426ee8af50d95148e204101d0590264/transformed/analysis/instrumentation-dependencies.bin because:
  Build cache is disabled
  Caching not enabled.
Caching disabled for MergeInstrumentationAnalysisTransform: /home/runner/.gradle/caches/9.7.1/transforms/cb11479a9d8643d9cbda14157f839c09/transformed/analysis/instrumentation-dependencies.bin because:
  Build cache is disabled
  Caching not enabled.
Caching disabled for ExternalDependencyInstrumentingArtifactTransform: /home/runner/.gradle/caches/modules-2/files-2.1/io.netty/netty-codec-http2/4.1.72.Final/4b269e666fbace27d2c1efa57703e99b09655822/netty-codec-http2-4.1.72.Final.jar because:
  Build cache is disabled
  Caching not enabled.
Caching disabled for MergeInstrumentationAnalysisTransform: /home/runner/.gradle/caches/modules-2/files-2.1/com.google.guava/listenablefuture/9999.0-empty-to-avoid-conflict-with-guava/b421526c5f297295adef1c886e5246c39d4ac629/listenablefuture-9999.0-empty-to-avoid-conflict-with-guava.jar because:
  Build cache is disabled
  Caching not enabled.
Caching disabled for MergeInstrumentationAnalysisTransform: /home/runner/.gradle/caches/modules-2/files-2.1/xml-apis/xml-apis/1.4.01/3789d9fada2d3d458c4ba2de349d48780f381ee3/xml-apis-1.4.01.jar because:
  Build cache is disabled
  Caching not enabled.
Caching disabled for ExternalDependencyInstrumentingArtifactTransform: /home/runner/.gradle/caches/9.7.1/transforms/cd725cc3aeb8fadfa22d86ca6c393860/transformed/merge/instrumentation-dependencies.bin because:
  Build cache is disabled
  Caching not enabled.
Caching disabled for ExternalDependencyInstrumentingArtifactTransform: /home/runner/.gradle/caches/9.7.1/transforms/a9806eca88058aba38f96b52323e793b/transformed/merge/instrumentation-dependencies.bin because:
  Build cache is disabled
  Caching not enabled.
Caching disabled for MergeInstrumentationAnalysisTransform: /home/runner/.gradle/caches/9.7.1/transforms/723be355e9161e2e88be628f9ad8b527/transformed/analysis/instrumentation-hierarchy.bin because:
  Build cache is disabled
  Caching not enabled.
Caching disabled for ExternalDependencyInstrumentingArtifactTransform: /home/runner/.gradle/caches/modules-2/files-2.1/com.google.guava/listenablefuture/9999.0-empty-to-avoid-conflict-with-guava/b421526c5f297295adef1c886e5246c39d4ac629/listenablefuture-9999.0-empty-to-avoid-conflict-with-guava.jar because:
  Build cache is disabled
  Caching not enabled.
Caching disabled for MergeInstrumentationAnalysisTransform: /home/runner/.gradle/caches/9.7.1/transforms/723be355e9161e2e88be628f9ad8b527/transformed/analysis/instrumentation-dependencies.bin because:
  Build cache is disabled
  Caching not enabled.
Caching disabled for MergeInstrumentationAnalysisTransform: /home/runner/.gradle/caches/9.7.1/transforms/107a90d5038e7ca46c15e2d3de0f57a5/transformed/analysis/instrumentation-hierarchy.bin because:
  Build cache is disabled
  Caching not enabled.
Caching disabled for MergeInstrumentationAnalysisTransform: /home/runner/.gradle/caches/9.7.1/transforms/107a90d5038e7ca46c15e2d3de0f57a5/transformed/analysis/instrumentation-dependencies.bin because:
  Build cache is disabled
  Caching not enabled.
Caching disabled for MergeInstrumentationAnalysisTransform: /home/runner/.gradle/caches/modules-2/files-2.1/commons-logging/commons-logging/1.2/4bfc12adfe4842bf07b657f0369c4cb522955686/commons-logging-1.2.jar because:
  Build cache is disabled
  Caching not enabled.
Caching disabled for MergeInstrumentationAnalysisTransform: /home/runner/.gradle/caches/modules-2/files-2.1/net.java.dev.jna/jna/5.6.0/330f2244e9030119ab3030fc3fededc86713d9cc/jna-5.6.0.jar because:
  Build cache is disabled
  Caching not enabled.
Caching disabled for ExternalDependencyInstrumentingArtifactTransform: /home/runner/.gradle/caches/9.7.1/transforms/0ee8ebdc288253339b7bc9e183e1a39e/transformed/merge/instrumentation-dependencies.bin because:
  Build cache is disabled
  Caching not enabled.
Caching disabled for ExternalDependencyInstrumentingArtifactTransform: /home/runner/.gradle/caches/9.7.1/transforms/c3c9b91c90a64bbb95554aee4ec55f38/transformed/merge/instrumentation-dependencies.bin because:
  Build cache is disabled
  Caching not enabled.
Caching disabled for ExternalDependencyInstrumentingArtifactTransform: /home/runner/.gradle/caches/modules-2/files-2.1/commons-logging/commons-logging/1.2/4bfc12adfe4842bf07b657f0369c4cb522955686/commons-logging-1.2.jar because:
  Build cache is disabled
  Caching not enabled.
Caching disabled for ExternalDependencyInstrumentingArtifactTransform: /home/runner/.gradle/caches/modules-2/files-2.1/com.android.tools.build/apksig/8.1.0/9125e1bb9607abb6d2d582f6b551360b0258658a/apksig-8.1.0.jar because:
  Build cache is disabled
  Caching not enabled.
Caching disabled for ExternalDependencyInstrumentingArtifactTransform: /home/runner/.gradle/caches/modules-2/files-2.1/xml-apis/xml-apis/1.4.01/3789d9fada2d3d458c4ba2de349d48780f381ee3/xml-apis-1.4.01.jar because:
  Build cache is disabled
  Caching not enabled.
Caching disabled for MergeInstrumentationAnalysisTransform: /home/runner/.gradle/caches/9.7.1/transforms/21948195111703ceb3620d63144db2ea/transformed/analysis/instrumentation-dependencies.bin because:
  Build cache is disabled
  Caching not enabled.
Caching disabled for MergeInstrumentationAnalysisTransform: /home/runner/.gradle/caches/9.7.1/transforms/6cbf4183e62b432e6da445420eb573ef/transformed/analysis/instrumentation-hierarchy.bin because:
  Build cache is disabled
  Caching not enabled.
Caching disabled for MergeInstrumentationAnalysisTransform: /home/runner/.gradle/caches/9.7.1/transforms/6cbf4183e62b432e6da445420eb573ef/transformed/analysis/instrumentation-dependencies.bin because:
  Build cache is disabled
  Caching not enabled.
Caching disabled for MergeInstrumentationAnalysisTransform: /home/runner/.gradle/caches/9.7.1/transforms/a435bd5c6fc356a081ed066dc488efab/transformed/analysis/instrumentation-hierarchy.bin because:
  Build cache is disabled
  Caching not enabled.
Caching disabled for ExternalDependencyInstrumentingArtifactTransform: /home/runner/.gradle/caches/modules-2/files-2.1/net.java.dev.jna/jna/5.6.0/330f2244e9030119ab3030fc3fededc86713d9cc/jna-5.6.0.jar because:
  Build cache is disabled
  Caching not enabled.
Caching disabled for MergeInstrumentationAnalysisTransform: /home/runner/.gradle/caches/9.7.1/transforms/a435bd5c6fc356a081ed066dc488efab/transformed/analysis/instrumentation-dependencies.bin because:
  Build cache is disabled
  Caching not enabled.
Caching disabled for MergeInstrumentationAnalysisTransform: /home/runner/.gradle/caches/9.7.1/transforms/9bba2fb5acb1b4fe4f77da8cc3e7c2f4/transformed/analysis/instrumentation-hierarchy.bin because:
  Build cache is disabled
  Caching not enabled.
Caching disabled for MergeInstrumentationAnalysisTransform: /home/runner/.gradle/caches/modules-2/files-2.1/io.grpc/grpc-context/1.45.1/485a08c019cc78914a477b1dfc7052820b8d822c/grpc-context-1.45.1.jar because:
  Build cache is disabled
  Caching not enabled.
Caching disabled for MergeInstrumentationAnalysisTransform: /home/runner/.gradle/caches/9.7.1/transforms/9bba2fb5acb1b4fe4f77da8cc3e7c2f4/transformed/analysis/instrumentation-dependencies.bin because:
  Build cache is disabled
  Caching not enabled.
Caching disabled for MergeInstrumentationAnalysisTransform: /home/runner/.gradle/caches/modules-2/files-2.1/org.jetbrains.kotlin/kotlin-stdlib-common/1.8.20-RC2/948fe79545343155ae7e6669c40ac9e086170e82/kotlin-stdlib-common-1.8.20-RC2.jar because:
  Build cache is disabled
  Caching not enabled.
Caching disabled for ExternalDependencyInstrumentingArtifactTransform: /home/runner/.gradle/caches/9.7.1/transforms/e483a1393475e67a250b8d43fa1adfbd/transformed/merge/instrumentation-dependencies.bin because:
  Build cache is disabled
  Caching not enabled.
Caching disabled for MergeInstrumentationAnalysisTransform: /home/runner/.gradle/caches/modules-2/files-2.1/io.netty/netty-handler/4.1.72.Final/9feee089fee606c64be90c0332db9aef1f7d8e46/netty-handler-4.1.72.Final.jar because:
  Build cache is disabled
  Caching not enabled.
Caching disabled for ExternalDependencyInstrumentingArtifactTransform: /home/runner/.gradle/caches/9.7.1/transforms/64a0d163f0643f293e8a6eead2f00227/transformed/merge/instrumentation-dependencies.bin because:
  Build cache is disabled
  Caching not enabled.
Caching disabled for MergeInstrumentationAnalysisTransform: /home/runner/.gradle/caches/modules-2/files-2.1/io.netty/netty-codec-http/4.1.72.Final/a8f062d67303a5e4b2bc2ad48fb4fd8c99108e45/netty-codec-http-4.1.72.Final.jar because:
  Build cache is disabled
  Caching not enabled.
Caching disabled for ExternalDependencyInstrumentingArtifactTransform: /home/runner/.gradle/caches/9.7.1/transforms/a6d5f31b1d47011345e09ff41b0b7816/transformed/merge/instrumentation-dependencies.bin because:
  Build cache is disabled
  Caching not enabled.
Caching disabled for ExternalDependencyInstrumentingArtifactTransform: /home/runner/.gradle/caches/9.7.1/transforms/3dd1d71230c285ea636aa288799e5345/transformed/merge/instrumentation-dependencies.bin because:
  Build cache is disabled
  Caching not enabled.
Caching disabled for ExternalDependencyInstrumentingArtifactTransform: /home/runner/.gradle/caches/modules-2/files-2.1/org.jetbrains.kotlin/kotlin-stdlib-common/1.8.20-RC2/948fe79545343155ae7e6669c40ac9e086170e82/kotlin-stdlib-common-1.8.20-RC2.jar because:
  Build cache is disabled
  Caching not enabled.
Caching disabled for MergeInstrumentationAnalysisTransform: /home/runner/.gradle/caches/9.7.1/transforms/bef1f9672ca892cff8bc8c45bf08bf40/transformed/analysis/instrumentation-hierarchy.bin because:
  Build cache is disabled
  Caching not enabled.
Caching disabled for ExternalDependencyInstrumentingArtifactTransform: /home/runner/.gradle/caches/modules-2/files-2.1/io.grpc/grpc-context/1.45.1/485a08c019cc78914a477b1dfc7052820b8d822c/grpc-context-1.45.1.jar because:
  Build cache is disabled
  Caching not enabled.
Caching disabled for MergeInstrumentationAnalysisTransform: /home/runner/.gradle/caches/9.7.1/transforms/bef1f9672ca892cff8bc8c45bf08bf40/transformed/analysis/instrumentation-dependencies.bin because:
  Build cache is disabled
  Caching not enabled.
Caching disabled for MergeInstrumentationAnalysisTransform: /home/runner/.gradle/caches/modules-2/files-2.1/io.netty/netty-codec-socks/4.1.72.Final/d3bc427b6e2dc4bb6dc9d18d1cc47f8530970a8b/netty-codec-socks-4.1.72.Final.jar because:
  Build cache is disabled
  Caching not enabled.
Caching disabled for MergeInstrumentationAnalysisTransform: /home/runner/.gradle/caches/9.7.1/transforms/af242d465f8990ee8965c12a16ea1ef3/transformed/analysis/instrumentation-hierarchy.bin because:
  Build cache is disabled
  Caching not enabled.
Caching disabled for ExternalDependencyInstrumentingArtifactTransform: /home/runner/.gradle/caches/9.7.1/transforms/b6fbde7963eb608316155ccbc22ebe2b/transformed/merge/instrumentation-dependencies.bin because:
  Build cache is disabled
  Caching not enabled.
Caching disabled for MergeInstrumentationAnalysisTransform: /home/runner/.gradle/caches/9.7.1/transforms/af242d465f8990ee8965c12a16ea1ef3/transformed/analysis/instrumentation-dependencies.bin because:
  Build cache is disabled
  Caching not enabled.
Caching disabled for MergeInstrumentationAnalysisTransform: /home/runner/.gradle/caches/modules-2/files-2.1/io.netty/netty-codec/4.1.72.Final/613c4019d687db4e9a5532564e442f83c4474ed7/netty-codec-4.1.72.Final.jar because:
  Build cache is disabled
  Caching not enabled.
Caching disabled for ExternalDependencyInstrumentingArtifactTransform: /home/runner/.gradle/caches/9.7.1/transforms/3754736b9eb2f676066c7dc3f5a5bbaf/transformed/merge/instrumentation-dependencies.bin because:
  Build cache is disabled
  Caching not enabled.
Caching disabled for ExternalDependencyInstrumentingArtifactTransform: /home/runner/.gradle/caches/modules-2/files-2.1/io.netty/netty-codec-socks/4.1.72.Final/d3bc427b6e2dc4bb6dc9d18d1cc47f8530970a8b/netty-codec-socks-4.1.72.Final.jar because:
  Build cache is disabled
  Caching not enabled.
Caching disabled for MergeInstrumentationAnalysisTransform: /home/runner/.gradle/caches/9.7.1/transforms/e9c2e7f4a28a1318c163094488a394b6/transformed/analysis/instrumentation-hierarchy.bin because:
  Build cache is disabled
  Caching not enabled.
Caching disabled for MergeInstrumentationAnalysisTransform: /home/runner/.gradle/caches/9.7.1/transforms/e9c2e7f4a28a1318c163094488a394b6/transformed/analysis/instrumentation-dependencies.bin because:
  Build cache is disabled
  Caching not enabled.
Caching disabled for MergeInstrumentationAnalysisTransform: /home/runner/.gradle/caches/modules-2/files-2.1/io.netty/netty-transport/4.1.72.Final/99138b436a584879355aca8fe3c64b46227d5d79/netty-transport-4.1.72.Final.jar because:
  Build cache is disabled
  Caching not enabled.
Caching disabled for ExternalDependencyInstrumentingArtifactTransform: /home/runner/.gradle/caches/9.7.1/transforms/267949a526f353b0ef44d0e9d0f5d3a9/transformed/merge/instrumentation-dependencies.bin because:
  Build cache is disabled
  Caching not enabled.
Caching disabled for ExternalDependencyInstrumentingArtifactTransform: /home/runner/.gradle/caches/modules-2/files-2.1/io.netty/netty-handler/4.1.72.Final/9feee089fee606c64be90c0332db9aef1f7d8e46/netty-handler-4.1.72.Final.jar because:
  Build cache is disabled
  Caching not enabled.
Caching disabled for MergeInstrumentationAnalysisTransform: /home/runner/.gradle/caches/9.7.1/transforms/fbc15cf2a007deefda22b9f7287074bf/transformed/analysis/instrumentation-hierarchy.bin because:
  Build cache is disabled
  Caching not enabled.
Caching disabled for MergeInstrumentationAnalysisTransform: /home/runner/.gradle/caches/9.7.1/transforms/fbc15cf2a007deefda22b9f7287074bf/transformed/analysis/instrumentation-dependencies.bin because:
  Build cache is disabled
  Caching not enabled.
Caching disabled for ExternalDependencyInstrumentingArtifactTransform: /home/runner/.gradle/caches/modules-2/files-2.1/io.netty/netty-codec/4.1.72.Final/613c4019d687db4e9a5532564e442f83c4474ed7/netty-codec-4.1.72.Final.jar because:
  Build cache is disabled
  Caching not enabled.
Caching disabled for MergeInstrumentationAnalysisTransform: /home/runner/.gradle/caches/modules-2/files-2.1/io.netty/netty-buffer/4.1.72.Final/f306eec3f79541f9b8af9c471a0d5b63b7996272/netty-buffer-4.1.72.Final.jar because:
  Build cache is disabled
  Caching not enabled.
Caching disabled for MergeInstrumentationAnalysisTransform: /home/runner/.gradle/caches/9.7.1/transforms/ac594fc67adb4e59f7f2a02e6e494b2a/transformed/analysis/instrumentation-hierarchy.bin because:
  Build cache is disabled
  Caching not enabled.
Caching disabled for ExternalDependencyInstrumentingArtifactTransform: /home/runner/.gradle/caches/9.7.1/transforms/bac442ecd6900418fb61bb7d7850089b/transformed/merge/instrumentation-dependencies.bin because:
  Build cache is disabled
  Caching not enabled.
Caching disabled for MergeInstrumentationAnalysisTransform: /home/runner/.gradle/caches/9.7.1/transforms/ac594fc67adb4e59f7f2a02e6e494b2a/transformed/analysis/instrumentation-dependencies.bin because:
  Build cache is disabled
  Caching not enabled.
Caching disabled for ExternalDependencyInstrumentingArtifactTransform: /home/runner/.gradle/caches/modules-2/files-2.1/io.netty/netty-codec-http/4.1.72.Final/a8f062d67303a5e4b2bc2ad48fb4fd8c99108e45/netty-codec-http-4.1.72.Final.jar because:
  Build cache is disabled
  Caching not enabled.
Caching disabled for MergeInstrumentationAnalysisTransform: /home/runner/.gradle/caches/9.7.1/transforms/8f2acfffb0dcf4c80c224f20d7aa5fb3/transformed/analysis/instrumentation-hierarchy.bin because:
  Build cache is disabled
  Caching not enabled.
Caching disabled for MergeInstrumentationAnalysisTransform: /home/runner/.gradle/caches/modules-2/files-2.1/io.netty/netty-resolver/4.1.72.Final/4ff458458ea32ed1156086820b624a815fcbf2c0/netty-resolver-4.1.72.Final.jar because:
  Build cache is disabled
  Caching not enabled.
Caching disabled for ExternalDependencyInstrumentingArtifactTransform: /home/runner/.gradle/caches/9.7.1/transforms/2bd189a84e60a25d5eda6b9c8aa9fddb/transformed/merge/instrumentation-dependencies.bin because:
  Build cache is disabled
  Caching not enabled.
Caching disabled for MergeInstrumentationAnalysisTransform: /home/runner/.gradle/caches/9.7.1/transforms/8f2acfffb0dcf4c80c224f20d7aa5fb3/transformed/analysis/instrumentation-dependencies.bin because:
  Build cache is disabled
  Caching not enabled.
Caching disabled for ExternalDependencyInstrumentingArtifactTransform: /home/runner/.gradle/caches/modules-2/files-2.1/io.netty/netty-resolver/4.1.72.Final/4ff458458ea32ed1156086820b624a815fcbf2c0/netty-resolver-4.1.72.Final.jar because:
  Build cache is disabled
  Caching not enabled.
Caching disabled for MergeInstrumentationAnalysisTransform: /home/runner/.gradle/caches/modules-2/files-2.1/io.netty/netty-common/4.1.72.Final/a55bac9c3af5f59828207b551a96ac19bbfc341e/netty-common-4.1.72.Final.jar because:
  Build cache is disabled
  Caching not enabled.
Caching disabled for ExternalDependencyInstrumentingArtifactTransform: /home/runner/.gradle/caches/9.7.1/transforms/98c410b6994d6d2dfb5dee4262205201/transformed/merge/instrumentation-dependencies.bin because:
  Build cache is disabled
  Caching not enabled.
Caching disabled for MergeInstrumentationAnalysisTransform: /home/runner/.gradle/caches/9.7.1/transforms/044eda1b4fea988a4d8bcae8c665c761/transformed/analysis/instrumentation-hierarchy.bin because:
  Build cache is disabled
  Caching not enabled.
Caching disabled for MergeInstrumentationAnalysisTransform: /home/runner/.gradle/caches/9.7.1/transforms/044eda1b4fea988a4d8bcae8c665c761/transformed/analysis/instrumentation-dependencies.bin because:
  Build cache is disabled
  Caching not enabled.
Caching disabled for MergeInstrumentationAnalysisTransform: /home/runner/.gradle/caches/modules-2/files-2.1/io.netty/netty-tcnative-classes/2.0.46.Final/9937a832d9c19861822d345b48ced388b645aa5f/netty-tcnative-classes-2.0.46.Final.jar because:
  Build cache is disabled
  Caching not enabled.
Caching disabled for ExternalDependencyInstrumentingArtifactTransform: /home/runner/.gradle/caches/9.7.1/transforms/3a238b66b39e4450208b9139da4d8850/transformed/merge/instrumentation-dependencies.bin because:
  Build cache is disabled
  Caching not enabled.
Caching disabled for ExternalDependencyInstrumentingArtifactTransform: /home/runner/.gradle/caches/modules-2/files-2.1/io.netty/netty-transport/4.1.72.Final/99138b436a584879355aca8fe3c64b46227d5d79/netty-transport-4.1.72.Final.jar because:
  Build cache is disabled
  Caching not enabled.
Caching disabled for ExternalDependencyInstrumentingArtifactTransform: /home/runner/.gradle/caches/modules-2/files-2.1/io.netty/netty-tcnative-classes/2.0.46.Final/9937a832d9c19861822d345b48ced388b645aa5f/netty-tcnative-classes-2.0.46.Final.jar because:
  Build cache is disabled
  Caching not enabled.
Caching disabled for ExternalDependencyInstrumentingArtifactTransform: /home/runner/.gradle/caches/modules-2/files-2.1/io.netty/netty-buffer/4.1.72.Final/f306eec3f79541f9b8af9c471a0d5b63b7996272/netty-buffer-4.1.72.Final.jar because:
  Build cache is disabled
  Caching not enabled.
Caching disabled for ExternalDependencyInstrumentingArtifactTransform: /home/runner/.gradle/caches/modules-2/files-2.1/io.netty/netty-common/4.1.72.Final/a55bac9c3af5f59828207b551a96ac19bbfc341e/netty-common-4.1.72.Final.jar because:
  Build cache is disabled
  Caching not enabled.
Caching disabled for Groovy DSL script compilation (proj) because:
  Build cache is disabled
  Not worth caching.
Compiling build file '/home/runner/work/Minecraft/Minecraft/android-webview/build.gradle' using BuildScriptTransformer.

> Configure project :app
Evaluating project ':app' using build file '/home/runner/work/Minecraft/Minecraft/android-webview/app/build.gradle'.
Caching disabled for Groovy DSL script compilation (cp_proj) because:
  Build cache is disabled
  Not worth caching.
Compiling build file '/home/runner/work/Minecraft/Minecraft/android-webview/app/build.gradle' using SubsetScriptTransformer.
Resolved plugin [id: 'com.android.application']

[Incubating] Problems report is available at: file:///home/runner/work/Minecraft/Minecraft/android-webview/build/reports/problems/problems-report.html

FAILURE: Build failed with an exception.

* What went wrong:
'org.gradle.api.artifacts.Dependency org.gradle.api.artifacts.dsl.DependencyHandler.module(java.lang.Object)'

* Try:
> Run with --debug option to get more log output.
> Run with --scan to get full insights from a Build Scan (powered by Develocity).
> Get more help at https://help.gradle.org.

* Exception is:
java.lang.NoSuchMethodError: 'org.gradle.api.artifacts.Dependency org.gradle.api.artifacts.dsl.DependencyHandler.module(java.lang.Object)'
	at com.android.build.gradle.internal.res.Aapt2FromMaven$Companion.create(Aapt2FromMaven.kt:136)
	at com.android.build.gradle.internal.plugins.AndroidPluginBaseServices$projectServices$2$1.invoke(AndroidPluginBaseServices.kt:93)
	at com.android.build.gradle.internal.plugins.AndroidPluginBaseServices$projectServices$2$1.invoke(AndroidPluginBaseServices.kt:81)
	at com.android.build.gradle.internal.plugins.AndroidPluginBaseServices.withProject(AndroidPluginBaseServices.kt:307)
	at com.android.build.gradle.internal.plugins.AndroidPluginBaseServices$projectServices$2.invoke(AndroidPluginBaseServices.kt:81)
	at com.android.build.gradle.internal.plugins.AndroidPluginBaseServices$projectServices$2.invoke(AndroidPluginBaseServices.kt:80)
	at kotlin.SynchronizedLazyImpl.getValue(LazyJVM.kt:86)
	at com.android.build.gradle.internal.plugins.AndroidPluginBaseServices.getProjectServices(AndroidPluginBaseServices.kt:80)
	at com.android.build.gradle.internal.plugins.AndroidPluginBaseServices.basePluginApply(AndroidPluginBaseServices.kt:122)
	at com.android.build.gradle.internal.plugins.BasePlugin$apply$1.run(BasePlugin.kt:350)
	at com.android.build.gradle.internal.crash.CrashReporting.runAction(crash_reporting.kt:27)
	at com.android.build.gradle.internal.plugins.BasePlugin.apply(BasePlugin.kt:349)
	at com.android.build.gradle.internal.plugins.BasePlugin.apply(BasePlugin.kt:129)
	at org.gradle.api.internal.plugins.ImperativeOnlyPluginTarget.applyImperative(ImperativeOnlyPluginTarget.java:54)
	at org.gradle.api.internal.plugins.RuleBasedPluginTarget.applyImperative(RuleBasedPluginTarget.java:50)
	at org.gradle.api.internal.plugins.DefaultPluginManager.addPlugin(DefaultPluginManager.java:191)
	at org.gradle.api.internal.plugins.DefaultPluginManager.access$200(DefaultPluginManager.java:53)
	at org.gradle.api.internal.plugins.DefaultPluginManager$AddPluginBuildOperation.run(DefaultPluginManager.java:286)
	at org.gradle.internal.operations.DefaultBuildOperationRunner$1.execute(DefaultBuildOperationRunner.java:30)
	at org.gradle.internal.operations.DefaultBuildOperationRunner$1.execute(DefaultBuildOperationRunner.java:27)
	at org.gradle.internal.operations.DefaultBuildOperationRunner$2.execute(DefaultBuildOperationRunner.java:67)
	at org.gradle.internal.operations.DefaultBuildOperationRunner$2.execute(DefaultBuildOperationRunner.java:60)
	at org.gradle.internal.operations.DefaultBuildOperationRunner.execute(DefaultBuildOperationRunner.java:167)
	at org.gradle.internal.operations.DefaultBuildOperationRunner.execute(DefaultBuildOperationRunner.java:60)
	at org.gradle.internal.operations.DefaultBuildOperationRunner.run(DefaultBuildOperationRunner.java:48)
	at org.gradle.api.internal.plugins.DefaultPluginManager.lambda$doApply$0(DefaultPluginManager.java:170)
	at org.gradle.internal.code.DefaultUserCodeApplicationContext.apply(DefaultUserCodeApplicationContext.java:44)
	at org.gradle.api.internal.plugins.DefaultPluginManager.doApply(DefaultPluginManager.java:169)
	at org.gradle.api.internal.plugins.DefaultPluginManager.apply(DefaultPluginManager.java:148)
	at org.gradle.api.internal.plugins.DefaultObjectConfigurationAction.applyType(DefaultObjectConfigurationAction.java:162)
	at org.gradle.api.internal.plugins.DefaultObjectConfigurationAction.access$200(DefaultObjectConfigurationAction.java:44)
	at org.gradle.api.internal.plugins.DefaultObjectConfigurationAction$3.run(DefaultObjectConfigurationAction.java:99)
	at org.gradle.api.internal.plugins.DefaultObjectConfigurationAction.execute(DefaultObjectConfigurationAction.java:185)
	at org.gradle.api.internal.project.AbstractPluginAware.apply(AbstractPluginAware.java:49)
	at org.gradle.api.internal.project.DefaultProject.apply(DefaultProject.java:1532)
	at com.android.build.gradle.AppPlugin.apply(AppPlugin.kt:28)
	at com.android.build.gradle.AppPlugin.apply(AppPlugin.kt:24)
	at org.gradle.api.internal.plugins.ImperativeOnlyPluginTarget.applyImperative(ImperativeOnlyPluginTarget.java:54)
	at org.gradle.api.internal.plugins.RuleBasedPluginTarget.applyImperative(RuleBasedPluginTarget.java:50)
	at org.gradle.api.internal.plugins.DefaultPluginManager.addPlugin(DefaultPluginManager.java:191)
	at org.gradle.api.internal.plugins.DefaultPluginManager.access$200(DefaultPluginManager.java:53)
	at org.gradle.api.internal.plugins.DefaultPluginManager$AddPluginBuildOperation.run(DefaultPluginManager.java:286)
	at org.gradle.internal.operations.DefaultBuildOperationRunner$1.execute(DefaultBuildOperationRunner.java:30)
	at org.gradle.internal.operations.DefaultBuildOperationRunner$1.execute(DefaultBuildOperationRunner.java:27)
	at org.gradle.internal.operations.DefaultBuildOperationRunner$2.execute(DefaultBuildOperationRunner.java:67)
	at org.gradle.internal.operations.DefaultBuildOperationRunner$2.execute(DefaultBuildOperationRunner.java:60)
	at org.gradle.internal.operations.DefaultBuildOperationRunner.execute(DefaultBuildOperationRunner.java:167)
	at org.gradle.internal.operations.DefaultBuildOperationRunner.execute(DefaultBuildOperationRunner.java:60)
	at org.gradle.internal.operations.DefaultBuildOperationRunner.run(DefaultBuildOperationRunner.java:48)
	at org.gradle.api.internal.plugins.DefaultPluginManager.lambda$doApply$0(DefaultPluginManager.java:170)
	at org.gradle.internal.code.DefaultUserCodeApplicationContext.apply(DefaultUserCodeApplicationContext.java:44)
	at org.gradle.api.internal.plugins.DefaultPluginManager.doApply(DefaultPluginManager.java:169)
	at org.gradle.api.internal.plugins.DefaultPluginManager.apply(DefaultPluginManager.java:139)
	at org.gradle.plugin.use.resolve.internal.ClassPathPluginResolution.applyTo(ClassPathPluginResolution.java:49)
	at org.gradle.plugin.use.internal.DefaultPluginRequestApplicator$ApplyAction.apply(DefaultPluginRequestApplicator.java:161)
	at org.gradle.plugin.use.internal.DefaultPluginRequestApplicator.lambda$applyPlugins$1(DefaultPluginRequestApplicator.java:135)
	at org.gradle.plugin.use.internal.DefaultPluginRequestApplicator.applyPlugins(DefaultPluginRequestApplicator.java:135)
	at org.gradle.configuration.DefaultScriptPluginFactory$ScriptPluginImpl.apply(DefaultScriptPluginFactory.java:123)
	at org.gradle.configuration.BuildOperationScriptPlugin$1.run(BuildOperationScriptPlugin.java:68)
	at org.gradle.internal.operations.DefaultBuildOperationRunner$1.execute(DefaultBuildOperationRunner.java:30)
	at org.gradle.internal.operations.DefaultBuildOperationRunner$1.execute(DefaultBuildOperationRunner.java:27)
	at org.gradle.internal.operations.DefaultBuildOperationRunner$2.execute(DefaultBuildOperationRunner.java:67)
	at org.gradle.internal.operations.DefaultBuildOperationRunner$2.execute(DefaultBuildOperationRunner.java:60)
	at org.gradle.internal.operations.DefaultBuildOperationRunner.execute(DefaultBuildOperationRunner.java:167)
	at org.gradle.internal.operations.DefaultBuildOperationRunner.execute(DefaultBuildOperationRunner.java:60)
	at org.gradle.internal.operations.DefaultBuildOperationRunner.run(DefaultBuildOperationRunner.java:48)
	at org.gradle.configuration.BuildOperationScriptPlugin.lambda$apply$0(BuildOperationScriptPlugin.java:65)
	at org.gradle.internal.code.DefaultUserCodeApplicationContext.apply(DefaultUserCodeApplicationContext.java:44)
	at org.gradle.configuration.BuildOperationScriptPlugin.apply(BuildOperationScriptPlugin.java:65)
	at org.gradle.api.internal.project.DefaultProjectState.lambda$applyToMutableState$0(DefaultProjectState.java:241)
	at org.gradle.api.internal.project.DefaultProjectState.lambda$fromMutableState$0(DefaultProjectState.java:248)
	at org.gradle.api.internal.project.DefaultProjectState.runWithModelLock(DefaultProjectState.java:271)
	at org.gradle.api.internal.project.DefaultProjectState.fromMutableState(DefaultProjectState.java:248)
	at org.gradle.api.internal.project.DefaultProjectState.applyToMutableState(DefaultProjectState.java:240)
	at org.gradle.configuration.project.BuildScriptProcessor.execute(BuildScriptProcessor.java:46)
	at org.gradle.configuration.project.BuildScriptProcessor.execute(BuildScriptProcessor.java:27)
	at org.gradle.configuration.project.ConfigureActionsProjectEvaluator.evaluate(ConfigureActionsProjectEvaluator.java:35)
	at org.gradle.configuration.project.LifecycleProjectEvaluator$EvaluateProject.lambda$run$0(LifecycleProjectEvaluator.java:109)
	at org.gradle.api.internal.project.DefaultProjectState.lambda$applyToMutableState$0(DefaultProjectState.java:241)
	at org.gradle.api.internal.project.DefaultProjectState.lambda$fromMutableState$0(DefaultProjectState.java:248)
	at org.gradle.api.internal.project.DefaultProjectState.runWithModelLock(DefaultProjectState.java:271)
	at org.gradle.api.internal.project.DefaultProjectState.fromMutableState(DefaultProjectState.java:248)
	at org.gradle.api.internal.project.DefaultProjectState.applyToMutableState(DefaultProjectState.java:240)
	at org.gradle.configuration.project.LifecycleProjectEvaluator$EvaluateProject.run(LifecycleProjectEvaluator.java:100)
	at org.gradle.internal.operations.DefaultBuildOperationRunner$1.execute(DefaultBuildOperationRunner.java:30)
	at org.gradle.internal.operations.DefaultBuildOperationRunner$1.execute(DefaultBuildOperationRunner.java:27)
	at org.gradle.internal.operations.DefaultBuildOperationRunner$2.execute(DefaultBuildOperationRunner.java:67)
	at org.gradle.internal.operations.DefaultBuildOperationRunner$2.execute(DefaultBuildOperationRunner.java:60)
	at org.gradle.internal.operations.DefaultBuildOperationRunner.execute(DefaultBuildOperationRunner.java:167)
	at org.gradle.internal.operations.DefaultBuildOperationRunner.execute(DefaultBuildOperationRunner.java:60)
	at org.gradle.internal.operations.DefaultBuildOperationRunner.run(DefaultBuildOperationRunner.java:48)
	at org.gradle.configuration.project.LifecycleProjectEvaluator.evaluate(LifecycleProjectEvaluator.java:72)
	at org.gradle.api.internal.project.DefaultProject.evaluateUnchecked(DefaultProject.java:828)
	at org.gradle.api.internal.project.ProjectLifecycleController.lambda$ensureSelfConfigured$1(ProjectLifecycleController.java:98)
	at org.gradle.api.internal.project.DefaultProjectState.lambda$withProjectLock$0(DefaultProjectState.java:253)
	at org.gradle.internal.work.DefaultWorkerLeaseService.lambda$runAndReleaseLocks$0(DefaultWorkerLeaseService.java:302)
	at org.gradle.internal.work.ResourceLockStatistics$1.measure(ResourceLockStatistics.java:43)
	at org.gradle.internal.work.DefaultWorkerLeaseService.runAndReleaseLocks(DefaultWorkerLeaseService.java:300)
	at org.gradle.internal.work.DefaultWorkerLeaseService.withLocksAcquired(DefaultWorkerLeaseService.java:296)
	at org.gradle.internal.work.DefaultWorkerLeaseService.lambda$withReplacedLocks$0(DefaultWorkerLeaseService.java:452)
	at org.gradle.internal.work.DefaultWorkerLeaseService.withoutLocks(DefaultWorkerLeaseService.java:374)
	at org.gradle.internal.work.DefaultWorkerLeaseService.withReplacedLocks(DefaultWorkerLeaseService.java:451)
	at org.gradle.api.internal.project.DefaultProjectState.runWithModelLock(DefaultProjectState.java:276)
	at org.gradle.api.internal.project.DefaultProjectState.withProjectLock(DefaultProjectState.java:252)
	at org.gradle.api.internal.project.ProjectLifecycleController.lambda$ensureSelfConfigured$0(ProjectLifecycleController.java:98)
	at org.gradle.internal.model.StateTransitionController.lambda$doTransition$0(StateTransitionController.java:313)
	at org.gradle.internal.model.StateTransitionController.doTransition(StateTransitionController.java:324)
	at org.gradle.internal.model.StateTransitionController.doTransition(StateTransitionController.java:312)
	at org.gradle.internal.model.StateTransitionController.lambda$maybeTransitionIfNotCurrentlyTransitioning$0(StateTransitionController.java:257)
	at org.gradle.internal.work.DefaultSynchronizer.withLock(DefaultSynchronizer.java:35)
	at org.gradle.internal.model.StateTransitionController.maybeTransitionIfNotCurrentlyTransitioning(StateTransitionController.java:253)
	at org.gradle.api.internal.project.ProjectLifecycleController.ensureSelfConfigured(ProjectLifecycleController.java:98)
	at org.gradle.api.internal.project.DefaultProjectState.ensureConfigured(DefaultProjectState.java:209)
	at org.gradle.execution.TaskPathProjectEvaluator.configureHierarchy(TaskPathProjectEvaluator.java:78)
	at org.gradle.configuration.DefaultProjectsPreparer.prepareProjects(DefaultProjectsPreparer.java:52)
	at org.gradle.configuration.BuildTreePreparingProjectsPreparer.prepareProjects(BuildTreePreparingProjectsPreparer.java:65)
	at org.gradle.configuration.BuildOperationFiringProjectsPreparer$ConfigureBuild.run(BuildOperationFiringProjectsPreparer.java:52)
	at org.gradle.internal.operations.DefaultBuildOperationRunner$1.execute(DefaultBuildOperationRunner.java:30)
	at org.gradle.internal.operations.DefaultBuildOperationRunner$1.execute(DefaultBuildOperationRunner.java:27)
	at org.gradle.internal.operations.DefaultBuildOperationRunner$2.execute(DefaultBuildOperationRunner.java:67)
	at org.gradle.internal.operations.DefaultBuildOperationRunner$2.execute(DefaultBuildOperationRunner.java:60)
	at org.gradle.internal.operations.DefaultBuildOperationRunner.execute(DefaultBuildOperationRunner.java:167)
	at org.gradle.internal.operations.DefaultBuildOperationRunner.execute(DefaultBuildOperationRunner.java:60)
	at org.gradle.internal.operations.DefaultBuildOperationRunner.run(DefaultBuildOperationRunner.java:48)
	at org.gradle.configuration.BuildOperationFiringProjectsPreparer.prepareProjects(BuildOperationFiringProjectsPreparer.java:40)
	at org.gradle.initialization.VintageBuildModelController.lambda$prepareProjects$0(VintageBuildModelController.java:83)
	at org.gradle.internal.model.StateTransitionController.lambda$doTransition$0(StateTransitionController.java:313)
	at org.gradle.internal.model.StateTransitionController.doTransition(StateTransitionController.java:324)
	at org.gradle.internal.model.StateTransitionController.doTransition(StateTransitionController.java:312)
	at org.gradle.internal.model.StateTransitionController.lambda$transitionIfNotPreviously$0(StateTransitionController.java:271)
	at org.gradle.internal.work.DefaultSynchronizer.withLock(DefaultSynchronizer.java:35)
	at org.gradle.internal.model.StateTransitionController.transitionIfNotPreviously(StateTransitionController.java:267)
	at org.gradle.initialization.VintageBuildModelController.prepareProjects(VintageBuildModelController.java:83)
	at org.gradle.initialization.VintageBuildModelController.prepareToScheduleTasks(VintageBuildModelController.java:70)
	at org.gradle.internal.build.DefaultBuildLifecycleController.lambda$prepareToScheduleTasks$0(DefaultBuildLifecycleController.java:185)
	at org.gradle.internal.model.StateTransitionController.lambda$doTransition$0(StateTransitionController.java:313)
	at org.gradle.internal.model.StateTransitionController.doTransition(StateTransitionController.java:324)
	at org.gradle.internal.model.StateTransitionController.doTransition(StateTransitionController.java:312)
	at org.gradle.internal.model.StateTransitionController.lambda$maybeTransition$0(StateTransitionController.java:248)
	at org.gradle.internal.work.DefaultSynchronizer.withLock(DefaultSynchronizer.java:35)
	at org.gradle.internal.model.StateTransitionController.maybeTransition(StateTransitionController.java:244)
	at org.gradle.internal.build.DefaultBuildLifecycleController.prepareToScheduleTasks(DefaultBuildLifecycleController.java:183)
	at org.gradle.internal.buildtree.DefaultBuildTreeWorkPreparer.scheduleRequestedTasks(DefaultBuildTreeWorkPreparer.java:35)
	at org.gradle.internal.cc.impl.barrier.BarrierAwareBuildTreeWorkPreparer.scheduleRequestedTasks$lambda$0(BarrierAwareBuildTreeWorkPreparer.kt:34)
	at org.gradle.internal.cc.impl.barrier.VintageConfigurationTimeActionRunner.runConfigurationTimeAction(VintageConfigurationTimeActionRunner.kt:48)
	at org.gradle.internal.cc.impl.barrier.BarrierAwareBuildTreeWorkPreparer.scheduleRequestedTasks(BarrierAwareBuildTreeWorkPreparer.kt:33)
	at org.gradle.internal.cc.impl.VintageBuildTreeWorkController$scheduleAndRunRequestedTasks$1$finalizedGraph$1.call(VintageBuildTreeWorkController.kt:37)
	at org.gradle.internal.cc.impl.VintageBuildTreeWorkController$scheduleAndRunRequestedTasks$1$finalizedGraph$1.call(VintageBuildTreeWorkController.kt:37)
	at org.gradle.internal.Try.ofFailable(Try.java:46)
	at org.gradle.internal.cc.impl.VintageBuildTreeWorkController$scheduleAndRunRequestedTasks$1.apply(VintageBuildTreeWorkController.kt:37)
	at org.gradle.internal.cc.impl.VintageBuildTreeWorkController$scheduleAndRunRequestedTasks$1.apply(VintageBuildTreeWorkController.kt:36)
	at org.gradle.composite.internal.DefaultIncludedBuildTaskGraph.withNewWorkGraph(DefaultIncludedBuildTaskGraph.java:115)
	at org.gradle.internal.cc.impl.VintageBuildTreeWorkController.scheduleAndRunRequestedTasks(VintageBuildTreeWorkController.kt:36)
	at org.gradle.internal.buildtree.DefaultBuildTreeLifecycleController.lambda$scheduleAndRunTasks$0(DefaultBuildTreeLifecycleController.java:80)
	at org.gradle.internal.buildtree.DefaultBuildTreeLifecycleController.lambda$runBuild$0(DefaultBuildTreeLifecycleController.java:166)
	at org.gradle.internal.model.StateTransitionController.lambda$transition$2(StateTransitionController.java:227)
	at org.gradle.internal.model.StateTransitionController.doTransition(StateTransitionController.java:324)
	at org.gradle.internal.model.StateTransitionController.lambda$transition$1(StateTransitionController.java:227)
	at org.gradle.internal.work.DefaultSynchronizer.withLock(DefaultSynchronizer.java:45)
	at org.gradle.internal.model.StateTransitionController.transition(StateTransitionController.java:227)
	at org.gradle.internal.buildtree.DefaultBuildTreeLifecycleController.runBuild(DefaultBuildTreeLifecycleController.java:163)
	at org.gradle.internal.buildtree.DefaultBuildTreeLifecycleController.scheduleAndRunTasks(DefaultBuildTreeLifecycleController.java:80)
	at org.gradle.internal.buildtree.DefaultBuildTreeLifecycleController.scheduleAndRunTasks(DefaultBuildTreeLifecycleController.java:75)
	at org.gradle.tooling.internal.provider.ExecuteBuildActionRunner.run(ExecuteBuildActionRunner.java:31)
	at org.gradle.launcher.exec.ChainingBuildActionRunner.run(ChainingBuildActionRunner.java:35)
	at org.gradle.internal.buildtree.ProblemReportingBuildActionRunner.run(ProblemReportingBuildActionRunner.java:55)
	at org.gradle.launcher.exec.BuildOutcomeReportingBuildActionRunner.run(BuildOutcomeReportingBuildActionRunner.java:83)
	at org.gradle.tooling.internal.provider.FileSystemWatchingBuildActionRunner.run(FileSystemWatchingBuildActionRunner.java:118)
	at org.gradle.launcher.exec.BuildCompletionNotifyingBuildActionRunner.run(BuildCompletionNotifyingBuildActionRunner.java:64)
	at org.gradle.launcher.exec.RootBuildLifecycleBuildActionExecutor.lambda$execute$0(RootBuildLifecycleBuildActionExecutor.java:97)
	at org.gradle.composite.internal.DefaultRootBuildState.run(DefaultRootBuildState.java:119)
	at org.gradle.launcher.exec.RootBuildLifecycleBuildActionExecutor.execute(RootBuildLifecycleBuildActionExecutor.java:97)
	at org.gradle.launcher.exec.DefaultBuildTreeActionExecutor.runBuildTreeLifecycle(DefaultBuildTreeActionExecutor.java:126)
	at org.gradle.launcher.exec.DefaultBuildTreeActionExecutor.access$100(DefaultBuildTreeActionExecutor.java:52)
	at org.gradle.launcher.exec.DefaultBuildTreeActionExecutor$2.call(DefaultBuildTreeActionExecutor.java:98)
	at org.gradle.launcher.exec.DefaultBuildTreeActionExecutor$2.call(DefaultBuildTreeActionExecutor.java:94)
	at org.gradle.internal.operations.DefaultBuildOperationRunner$CallableBuildOperationWorker.execute(DefaultBuildOperationRunner.java:210)
	at org.gradle.internal.operations.DefaultBuildOperationRunner$CallableBuildOperationWorker.execute(DefaultBuildOperationRunner.java:205)
	at org.gradle.internal.operations.DefaultBuildOperationRunner$2.execute(DefaultBuildOperationRunner.java:67)
	at org.gradle.internal.operations.DefaultBuildOperationRunner$2.execute(DefaultBuildOperationRunner.java:60)
	at org.gradle.internal.operations.DefaultBuildOperationRunner.execute(DefaultBuildOperationRunner.java:167)
	at org.gradle.internal.operations.DefaultBuildOperationRunner.execute(DefaultBuildOperationRunner.java:60)
	at org.gradle.internal.operations.DefaultBuildOperationRunner.call(DefaultBuildOperationRunner.java:54)
	at org.gradle.launcher.exec.DefaultBuildTreeActionExecutor.runAsBuildOperation(DefaultBuildTreeActionExecutor.java:94)
	at org.gradle.launcher.exec.DefaultBuildTreeActionExecutor.lambda$runBuildTreeAction$0(DefaultBuildTreeActionExecutor.java:88)
	at org.gradle.internal.work.DefaultWorkerLeaseService.lambda$runAndReleaseLocks$0(DefaultWorkerLeaseService.java:302)
	at org.gradle.internal.work.ResourceLockStatistics$1.measure(ResourceLockStatistics.java:43)
	at org.gradle.internal.work.DefaultWorkerLeaseService.runAndReleaseLocks(DefaultWorkerLeaseService.java:300)
	at org.gradle.internal.work.DefaultWorkerLeaseService.withLocksAcquired(DefaultWorkerLeaseService.java:296)
	at org.gradle.internal.work.DefaultWorkerLeaseService.withLocks(DefaultWorkerLeaseService.java:288)
	at org.gradle.internal.work.DefaultWorkerLeaseService.runAsWorkerThread(DefaultWorkerLeaseService.java:131)
	at org.gradle.launcher.exec.DefaultBuildTreeActionExecutor.runBuildTreeAction(DefaultBuildTreeActionExecutor.java:88)
	at org.gradle.tooling.internal.provider.continuous.ContinuousBuildActionExecutor.execute(ContinuousBuildActionExecutor.java:111)
	at org.gradle.tooling.internal.provider.SubscribableBuildActionExecutor.execute(SubscribableBuildActionExecutor.java:64)
	at org.gradle.internal.session.DefaultBuildSessionContext.execute(DefaultBuildSessionContext.java:46)
	at org.gradle.internal.buildprocess.execution.BuildSessionLifecycleBuildActionExecutor$ActionImpl.apply(BuildSessionLifecycleBuildActionExecutor.java:106)
	at org.gradle.internal.buildprocess.execution.BuildSessionLifecycleBuildActionExecutor$ActionImpl.apply(BuildSessionLifecycleBuildActionExecutor.java:94)
	at org.gradle.internal.session.BuildSessionState.run(BuildSessionState.java:73)
	at org.gradle.internal.buildprocess.execution.BuildSessionLifecycleBuildActionExecutor.execute(BuildSessionLifecycleBuildActionExecutor.java:67)
	at org.gradle.internal.buildprocess.execution.BuildSessionLifecycleBuildActionExecutor.execute(BuildSessionLifecycleBuildActionExecutor.java:45)
	at org.gradle.internal.buildprocess.execution.StartParamsValidatingActionExecutor.execute(StartParamsValidatingActionExecutor.java:57)
	at org.gradle.internal.buildprocess.execution.StartParamsValidatingActionExecutor.execute(StartParamsValidatingActionExecutor.java:32)
	at org.gradle.internal.buildprocess.execution.SessionFailureReportingActionExecutor.execute(SessionFailureReportingActionExecutor.java:51)
	at org.gradle.internal.buildprocess.execution.SessionFailureReportingActionExecutor.execute(SessionFailureReportingActionExecutor.java:39)
	at org.gradle.internal.buildprocess.execution.SetupLoggingActionExecutor.execute(SetupLoggingActionExecutor.java:47)
	at org.gradle.internal.buildprocess.execution.SetupLoggingActionExecutor.execute(SetupLoggingActionExecutor.java:31)
	at org.gradle.launcher.daemon.server.exec.ExecuteBuild.doBuild(ExecuteBuild.java:70)
	at org.gradle.launcher.daemon.server.exec.BuildCommandOnly.execute(BuildCommandOnly.java:37)
	at org.gradle.launcher.daemon.server.api.DaemonCommandExecution.proceed(DaemonCommandExecution.java:104)
	at org.gradle.launcher.daemon.server.exec.WatchForDisconnection.execute(WatchForDisconnection.java:39)
	at org.gradle.launcher.daemon.server.api.DaemonCommandExecution.proceed(DaemonCommandExecution.java:104)
	at org.gradle.launcher.daemon.server.exec.ResetDeprecationLogger.execute(ResetDeprecationLogger.java:29)
	at org.gradle.launcher.daemon.server.api.DaemonCommandExecution.proceed(DaemonCommandExecution.java:104)
	at org.gradle.launcher.daemon.server.exec.RequestStopIfSingleUsedDaemon.execute(RequestStopIfSingleUsedDaemon.java:35)
	at org.gradle.launcher.daemon.server.api.DaemonCommandExecution.proceed(DaemonCommandExecution.java:104)
	at org.gradle.launcher.daemon.server.exec.ForwardClientInput.lambda$execute$0(ForwardClientInput.java:40)
	at org.gradle.internal.daemon.clientinput.ClientInputForwarder.forwardInput(ClientInputForwarder.java:80)
	at org.gradle.launcher.daemon.server.exec.ForwardClientInput.execute(ForwardClientInput.java:37)
	at org.gradle.launcher.daemon.server.api.DaemonCommandExecution.proceed(DaemonCommandExecution.java:104)
	at org.gradle.launcher.daemon.server.exec.LogAndCheckHealth.execute(LogAndCheckHealth.java:64)
	at org.gradle.launcher.daemon.server.api.DaemonCommandExecution.proceed(DaemonCommandExecution.java:104)
	at org.gradle.launcher.daemon.server.exec.ApplyClientEnvironmentVariables.doBuild(ApplyClientEnvironmentVariables.java:80)
	at org.gradle.launcher.daemon.server.exec.BuildCommandOnly.execute(BuildCommandOnly.java:37)
	at org.gradle.launcher.daemon.server.api.DaemonCommandExecution.proceed(DaemonCommandExecution.java:104)
	at org.gradle.launcher.daemon.server.exec.LogToClient.doBuild(LogToClient.java:63)
	at org.gradle.launcher.daemon.server.exec.BuildCommandOnly.execute(BuildCommandOnly.java:37)
	at org.gradle.launcher.daemon.server.api.DaemonCommandExecution.proceed(DaemonCommandExecution.java:104)
	at org.gradle.launcher.daemon.server.exec.EstablishBuildEnvironment.doBuild(EstablishBuildEnvironment.java:74)
	at org.gradle.launcher.daemon.server.exec.BuildCommandOnly.execute(BuildCommandOnly.java:37)
	at org.gradle.launcher.daemon.server.api.DaemonCommandExecution.proceed(DaemonCommandExecution.java:104)
	at org.gradle.launcher.daemon.server.exec.StartBuildOrRespondWithBusy$1.run(StartBuildOrRespondWithBusy.java:52)
	at org.gradle.launcher.daemon.server.DaemonStateCoordinator.lambda$runCommand$0(DaemonStateCoordinator.java:321)
	at org.gradle.internal.concurrent.ExecutorPolicy$CatchAndRecordFailures.onExecute(ExecutorPolicy.java:65)
	at org.gradle.internal.concurrent.AbstractManagedExecutor$1.run(AbstractManagedExecutor.java:47)


Deprecated Gradle features were used in this build, making it incompatible with Gradle 10.

You can use '--warning-mode all' to show the individual deprecation warnings and determine if they come from your own scripts or plugins.

For more on this, please refer to https://docs.gradle.org/9.7.1/userguide/command_line_interface.html#sec:command_line_warnings in the Gradle documentation.

BUILD FAILED in 31s
Initialized native services in: /home/runner/.gradle/native
Initialized jansi services in: /home/runner/.gradle/native
The client will now receive all logging from the daemon (pid: 2227). The daemon log file: /home/runner/.gradle/daemon/9.7.1/daemon-2227.out.log
Starting 2nd build in daemon [uptime: 29.452 secs, performance: 99%, GC rate: 0.00/s, heap usage: 0% of 2 GiB]
Using 4 worker leases.
Operational build model parameters: {cachingModelBuilding=false, configurationCache=false, configurationCacheDisabledReason=null, configurationCacheParallelLoad=false, configurationCacheParallelStore=false, configureOnDemand=false, invalidateCoupledProjects=false, isolatedProjects=false, isolatedProjectsDiagnostics=false, isolatedProjectsDangerouslyIgnoreProblems=false, modelAsProjectDependency=false, modelBuilding=false, parallelModelBuilding=false, parallelProjectConfiguration=false, parallelProjectExecution=false, vintage=true}
Now considering [/home/runner/work/Minecraft/Minecraft/android-webview] as hierarchies to watch
Watching the file system is configured to be enabled if available
File system watching is active
Starting Build
Settings evaluated using settings file '/home/runner/work/Minecraft/Minecraft/android-webview/settings.gradle'.
Projects loaded. Root project using build file '/home/runner/work/Minecraft/Minecraft/android-webview/build.gradle'.
Included projects: [root project 'android-webview', project ':app']

> Configure project :
Evaluating root project 'android-webview' using build file '/home/runner/work/Minecraft/Minecraft/android-webview/build.gradle'.

> Configure project :app
Evaluating project ':app' using build file '/home/runner/work/Minecraft/Minecraft/android-webview/app/build.gradle'.
Resolved plugin [id: 'com.android.application']

[Incubating] Problems report is available at: file:///home/runner/work/Minecraft/Minecraft/android-webview/build/reports/problems/problems-report.html

FAILURE: Build failed with an exception.

* What went wrong:
'org.gradle.api.artifacts.Dependency org.gradle.api.artifacts.dsl.DependencyHandler.module(java.lang.Object)'

* Try:
> Run with --debug option to get more log output.
> Run with --scan to get full insights from a Build Scan (powered by Develocity).
> Get more help at https://help.gradle.org.

* Exception is:
java.lang.NoSuchMethodError: 'org.gradle.api.artifacts.Dependency org.gradle.api.artifacts.dsl.DependencyHandler.module(java.lang.Object)'
	at com.android.build.gradle.internal.res.Aapt2FromMaven$Companion.create(Aapt2FromMaven.kt:136)
	at com.android.build.gradle.internal.plugins.AndroidPluginBaseServices$projectServices$2$1.invoke(AndroidPluginBaseServices.kt:93)
	at com.android.build.gradle.internal.plugins.AndroidPluginBaseServices$projectServices$2$1.invoke(AndroidPluginBaseServices.kt:81)
	at com.android.build.gradle.internal.plugins.AndroidPluginBaseServices.withProject(AndroidPluginBaseServices.kt:307)
	at com.android.build.gradle.internal.plugins.AndroidPluginBaseServices$projectServices$2.invoke(AndroidPluginBaseServices.kt:81)
	at com.android.build.gradle.internal.plugins.AndroidPluginBaseServices$projectServices$2.invoke(AndroidPluginBaseServices.kt:80)
	at kotlin.SynchronizedLazyImpl.getValue(LazyJVM.kt:86)
	at com.android.build.gradle.internal.plugins.AndroidPluginBaseServices.getProjectServices(AndroidPluginBaseServices.kt:80)
	at com.android.build.gradle.internal.plugins.AndroidPluginBaseServices.basePluginApply(AndroidPluginBaseServices.kt:122)
	at com.android.build.gradle.internal.plugins.BasePlugin$apply$1.run(BasePlugin.kt:350)
	at com.android.build.gradle.internal.crash.CrashReporting.runAction(crash_reporting.kt:27)
	at com.android.build.gradle.internal.plugins.BasePlugin.apply(BasePlugin.kt:349)
	at com.android.build.gradle.internal.plugins.BasePlugin.apply(BasePlugin.kt:129)
	at org.gradle.api.internal.plugins.ImperativeOnlyPluginTarget.applyImperative(ImperativeOnlyPluginTarget.java:54)
	at org.gradle.api.internal.plugins.RuleBasedPluginTarget.applyImperative(RuleBasedPluginTarget.java:50)
	at org.gradle.api.internal.plugins.DefaultPluginManager.addPlugin(DefaultPluginManager.java:191)
	at org.gradle.api.internal.plugins.DefaultPluginManager.access$200(DefaultPluginManager.java:53)
	at org.gradle.api.internal.plugins.DefaultPluginManager$AddPluginBuildOperation.run(DefaultPluginManager.java:286)
	at org.gradle.internal.operations.DefaultBuildOperationRunner$1.execute(DefaultBuildOperationRunner.java:30)
	at org.gradle.internal.operations.DefaultBuildOperationRunner$1.execute(DefaultBuildOperationRunner.java:27)
	at org.gradle.internal.operations.DefaultBuildOperationRunner$2.execute(DefaultBuildOperationRunner.java:67)
	at org.gradle.internal.operations.DefaultBuildOperationRunner$2.execute(DefaultBuildOperationRunner.java:60)
	at org.gradle.internal.operations.DefaultBuildOperationRunner.execute(DefaultBuildOperationRunner.java:167)
	at org.gradle.internal.operations.DefaultBuildOperationRunner.execute(DefaultBuildOperationRunner.java:60)
	at org.gradle.internal.operations.DefaultBuildOperationRunner.run(DefaultBuildOperationRunner.java:48)
	at org.gradle.api.internal.plugins.DefaultPluginManager.lambda$doApply$0(DefaultPluginManager.java:170)
	at org.gradle.internal.code.DefaultUserCodeApplicationContext.apply(DefaultUserCodeApplicationContext.java:44)
	at org.gradle.api.internal.plugins.DefaultPluginManager.doApply(DefaultPluginManager.java:169)
	at org.gradle.api.internal.plugins.DefaultPluginManager.apply(DefaultPluginManager.java:148)
	at org.gradle.api.internal.plugins.DefaultObjectConfigurationAction.applyType(DefaultObjectConfigurationAction.java:162)
	at org.gradle.api.internal.plugins.DefaultObjectConfigurationAction.access$200(DefaultObjectConfigurationAction.java:44)
	at org.gradle.api.internal.plugins.DefaultObjectConfigurationAction$3.run(DefaultObjectConfigurationAction.java:99)
	at org.gradle.api.internal.plugins.DefaultObjectConfigurationAction.execute(DefaultObjectConfigurationAction.java:185)
	at org.gradle.api.internal.project.AbstractPluginAware.apply(AbstractPluginAware.java:49)
	at org.gradle.api.internal.project.DefaultProject.apply(DefaultProject.java:1532)
	at com.android.build.gradle.AppPlugin.apply(AppPlugin.kt:28)
	at com.android.build.gradle.AppPlugin.apply(AppPlugin.kt:24)
	at org.gradle.api.internal.plugins.ImperativeOnlyPluginTarget.applyImperative(ImperativeOnlyPluginTarget.java:54)
	at org.gradle.api.internal.plugins.RuleBasedPluginTarget.applyImperative(RuleBasedPluginTarget.java:50)
	at org.gradle.api.internal.plugins.DefaultPluginManager.addPlugin(DefaultPluginManager.java:191)
	at org.gradle.api.internal.plugins.DefaultPluginManager.access$200(DefaultPluginManager.java:53)
	at org.gradle.api.internal.plugins.DefaultPluginManager$AddPluginBuildOperation.run(DefaultPluginManager.java:286)
	at org.gradle.internal.operations.DefaultBuildOperationRunner$1.execute(DefaultBuildOperationRunner.java:30)
	at org.gradle.internal.operations.DefaultBuildOperationRunner$1.execute(DefaultBuildOperationRunner.java:27)
	at org.gradle.internal.operations.DefaultBuildOperationRunner$2.execute(DefaultBuildOperationRunner.java:67)
	at org.gradle.internal.operations.DefaultBuildOperationRunner$2.execute(DefaultBuildOperationRunner.java:60)
	at org.gradle.internal.operations.DefaultBuildOperationRunner.execute(DefaultBuildOperationRunner.java:167)
	at org.gradle.internal.operations.DefaultBuildOperationRunner.execute(DefaultBuildOperationRunner.java:60)
	at org.gradle.internal.operations.DefaultBuildOperationRunner.run(DefaultBuildOperationRunner.java:48)
	at org.gradle.api.internal.plugins.DefaultPluginManager.lambda$doApply$0(DefaultPluginManager.java:170)
	at org.gradle.internal.code.DefaultUserCodeApplicationContext.apply(DefaultUserCodeApplicationContext.java:44)
	at org.gradle.api.internal.plugins.DefaultPluginManager.doApply(DefaultPluginManager.java:169)
	at org.gradle.api.internal.plugins.DefaultPluginManager.apply(DefaultPluginManager.java:139)
	at org.gradle.plugin.use.resolve.internal.ClassPathPluginResolution.applyTo(ClassPathPluginResolution.java:49)
	at org.gradle.plugin.use.internal.DefaultPluginRequestApplicator$ApplyAction.apply(DefaultPluginRequestApplicator.java:161)
	at org.gradle.plugin.use.internal.DefaultPluginRequestApplicator.lambda$applyPlugins$1(DefaultPluginRequestApplicator.java:135)
	at org.gradle.plugin.use.internal.DefaultPluginRequestApplicator.applyPlugins(DefaultPluginRequestApplicator.java:135)
	at org.gradle.configuration.DefaultScriptPluginFactory$ScriptPluginImpl.apply(DefaultScriptPluginFactory.java:123)
	at org.gradle.configuration.BuildOperationScriptPlugin$1.run(BuildOperationScriptPlugin.java:68)
	at org.gradle.internal.operations.DefaultBuildOperationRunner$1.execute(DefaultBuildOperationRunner.java:30)
	at org.gradle.internal.operations.DefaultBuildOperationRunner$1.execute(DefaultBuildOperationRunner.java:27)
	at org.gradle.internal.operations.DefaultBuildOperationRunner$2.execute(DefaultBuildOperationRunner.java:67)
	at org.gradle.internal.operations.DefaultBuildOperationRunner$2.execute(DefaultBuildOperationRunner.java:60)
	at org.gradle.internal.operations.DefaultBuildOperationRunner.execute(DefaultBuildOperationRunner.java:167)
	at org.gradle.internal.operations.DefaultBuildOperationRunner.execute(DefaultBuildOperationRunner.java:60)
	at org.gradle.internal.operations.DefaultBuildOperationRunner.run(DefaultBuildOperationRunner.java:48)
	at org.gradle.configuration.BuildOperationScriptPlugin.lambda$apply$0(BuildOperationScriptPlugin.java:65)
	at org.gradle.internal.code.DefaultUserCodeApplicationContext.apply(DefaultUserCodeApplicationContext.java:44)
	at org.gradle.configuration.BuildOperationScriptPlugin.apply(BuildOperationScriptPlugin.java:65)
	at org.gradle.api.internal.project.DefaultProjectState.lambda$applyToMutableState$0(DefaultProjectState.java:241)
	at org.gradle.api.internal.project.DefaultProjectState.lambda$fromMutableState$0(DefaultProjectState.java:248)
	at org.gradle.api.internal.project.DefaultProjectState.runWithModelLock(DefaultProjectState.java:271)
	at org.gradle.api.internal.project.DefaultProjectState.fromMutableState(DefaultProjectState.java:248)
	at org.gradle.api.internal.project.DefaultProjectState.applyToMutableState(DefaultProjectState.java:240)
	at org.gradle.configuration.project.BuildScriptProcessor.execute(BuildScriptProcessor.java:46)
	at org.gradle.configuration.project.BuildScriptProcessor.execute(BuildScriptProcessor.java:27)
	at org.gradle.configuration.project.ConfigureActionsProjectEvaluator.evaluate(ConfigureActionsProjectEvaluator.java:35)
	at org.gradle.configuration.project.LifecycleProjectEvaluator$EvaluateProject.lambda$run$0(LifecycleProjectEvaluator.java:109)
	at org.gradle.api.internal.project.DefaultProjectState.lambda$applyToMutableState$0(DefaultProjectState.java:241)
	at org.gradle.api.internal.project.DefaultProjectState.lambda$fromMutableState$0(DefaultProjectState.java:248)
	at org.gradle.api.internal.project.DefaultProjectState.runWithModelLock(DefaultProjectState.java:271)
	at org.gradle.api.internal.project.DefaultProjectState.fromMutableState(DefaultProjectState.java:248)
	at org.gradle.api.internal.project.DefaultProjectState.applyToMutableState(DefaultProjectState.java:240)
	at org.gradle.configuration.project.LifecycleProjectEvaluator$EvaluateProject.run(LifecycleProjectEvaluator.java:100)
	at org.gradle.internal.operations.DefaultBuildOperationRunner$1.execute(DefaultBuildOperationRunner.java:30)
	at org.gradle.internal.operations.DefaultBuildOperationRunner$1.execute(DefaultBuildOperationRunner.java:27)
	at org.gradle.internal.operations.DefaultBuildOperationRunner$2.execute(DefaultBuildOperationRunner.java:67)
	at org.gradle.internal.operations.DefaultBuildOperationRunner$2.execute(DefaultBuildOperationRunner.java:60)
	at org.gradle.internal.operations.DefaultBuildOperationRunner.execute(DefaultBuildOperationRunner.java:167)
	at org.gradle.internal.operations.DefaultBuildOperationRunner.execute(DefaultBuildOperationRunner.java:60)
	at org.gradle.internal.operations.DefaultBuildOperationRunner.run(DefaultBuildOperationRunner.java:48)
	at org.gradle.configuration.project.LifecycleProjectEvaluator.evaluate(LifecycleProjectEvaluator.java:72)
	at org.gradle.api.internal.project.DefaultProject.evaluateUnchecked(DefaultProject.java:828)
	at org.gradle.api.internal.project.ProjectLifecycleController.lambda$ensureSelfConfigured$1(ProjectLifecycleController.java:98)
	at org.gradle.api.internal.project.DefaultProjectState.lambda$withProjectLock$0(DefaultProjectState.java:253)
	at org.gradle.internal.work.DefaultWorkerLeaseService.lambda$runAndReleaseLocks$0(DefaultWorkerLeaseService.java:302)
	at org.gradle.internal.work.ResourceLockStatistics$1.measure(ResourceLockStatistics.java:43)
	at org.gradle.internal.work.DefaultWorkerLeaseService.runAndReleaseLocks(DefaultWorkerLeaseService.java:300)
	at org.gradle.internal.work.DefaultWorkerLeaseService.withLocksAcquired(DefaultWorkerLeaseService.java:296)
	at org.gradle.internal.work.DefaultWorkerLeaseService.lambda$withReplacedLocks$0(DefaultWorkerLeaseService.java:452)
	at org.gradle.internal.work.DefaultWorkerLeaseService.withoutLocks(DefaultWorkerLeaseService.java:374)
	at org.gradle.internal.work.DefaultWorkerLeaseService.withReplacedLocks(DefaultWorkerLeaseService.java:451)
	at org.gradle.api.internal.project.DefaultProjectState.runWithModelLock(DefaultProjectState.java:276)
	at org.gradle.api.internal.project.DefaultProjectState.withProjectLock(DefaultProjectState.java:252)
	at org.gradle.api.internal.project.ProjectLifecycleController.lambda$ensureSelfConfigured$0(ProjectLifecycleController.java:98)
	at org.gradle.internal.model.StateTransitionController.lambda$doTransition$0(StateTransitionController.java:313)
	at org.gradle.internal.model.StateTransitionController.doTransition(StateTransitionController.java:324)
	at org.gradle.internal.model.StateTransitionController.doTransition(StateTransitionController.java:312)
	at org.gradle.internal.model.StateTransitionController.lambda$maybeTransitionIfNotCurrentlyTransitioning$0(StateTransitionController.java:257)
	at org.gradle.internal.work.DefaultSynchronizer.withLock(DefaultSynchronizer.java:35)
	at org.gradle.internal.model.StateTransitionController.maybeTransitionIfNotCurrentlyTransitioning(StateTransitionController.java:253)
	at org.gradle.api.internal.project.ProjectLifecycleController.ensureSelfConfigured(ProjectLifecycleController.java:98)
	at org.gradle.api.internal.project.DefaultProjectState.ensureConfigured(DefaultProjectState.java:209)
	at org.gradle.execution.TaskPathProjectEvaluator.configureHierarchy(TaskPathProjectEvaluator.java:78)
	at org.gradle.configuration.DefaultProjectsPreparer.prepareProjects(DefaultProjectsPreparer.java:52)
	at org.gradle.configuration.BuildTreePreparingProjectsPreparer.prepareProjects(BuildTreePreparingProjectsPreparer.java:65)
	at org.gradle.configuration.BuildOperationFiringProjectsPreparer$ConfigureBuild.run(BuildOperationFiringProjectsPreparer.java:52)
	at org.gradle.internal.operations.DefaultBuildOperationRunner$1.execute(DefaultBuildOperationRunner.java:30)
	at org.gradle.internal.operations.DefaultBuildOperationRunner$1.execute(DefaultBuildOperationRunner.java:27)
	at org.gradle.internal.operations.DefaultBuildOperationRunner$2.execute(DefaultBuildOperationRunner.java:67)
	at org.gradle.internal.operations.DefaultBuildOperationRunner$2.execute(DefaultBuildOperationRunner.java:60)
	at org.gradle.internal.operations.DefaultBuildOperationRunner.execute(DefaultBuildOperationRunner.java:167)
	at org.gradle.internal.operations.DefaultBuildOperationRunner.execute(DefaultBuildOperationRunner.java:60)
	at org.gradle.internal.operations.DefaultBuildOperationRunner.run(DefaultBuildOperationRunner.java:48)
	at org.gradle.configuration.BuildOperationFiringProjectsPreparer.prepareProjects(BuildOperationFiringProjectsPreparer.java:40)
	at org.gradle.initialization.VintageBuildModelController.lambda$prepareProjects$0(VintageBuildModelController.java:83)
	at org.gradle.internal.model.StateTransitionController.lambda$doTransition$0(StateTransitionController.java:313)
	at org.gradle.internal.model.StateTransitionController.doTransition(StateTransitionController.java:324)
	at org.gradle.internal.model.StateTransitionController.doTransition(StateTransitionController.java:312)
	at org.gradle.internal.model.StateTransitionController.lambda$transitionIfNotPreviously$0(StateTransitionController.java:271)
	at org.gradle.internal.work.DefaultSynchronizer.withLock(DefaultSynchronizer.java:35)
	at org.gradle.internal.model.StateTransitionController.transitionIfNotPreviously(StateTransitionController.java:267)
	at org.gradle.initialization.VintageBuildModelController.prepareProjects(VintageBuildModelController.java:83)
	at org.gradle.initialization.VintageBuildModelController.prepareToScheduleTasks(VintageBuildModelController.java:70)
	at org.gradle.internal.build.DefaultBuildLifecycleController.lambda$prepareToScheduleTasks$0(DefaultBuildLifecycleController.java:185)
	at org.gradle.internal.model.StateTransitionController.lambda$doTransition$0(StateTransitionController.java:313)
	at org.gradle.internal.model.StateTransitionController.doTransition(StateTransitionController.java:324)
	at org.gradle.internal.model.StateTransitionController.doTransition(StateTransitionController.java:312)
	at org.gradle.internal.model.StateTransitionController.lambda$maybeTransition$0(StateTransitionController.java:248)
	at org.gradle.internal.work.DefaultSynchronizer.withLock(DefaultSynchronizer.java:35)
	at org.gradle.internal.model.StateTransitionController.maybeTransition(StateTransitionController.java:244)
	at org.gradle.internal.build.DefaultBuildLifecycleController.prepareToScheduleTasks(DefaultBuildLifecycleController.java:183)
	at org.gradle.internal.buildtree.DefaultBuildTreeWorkPreparer.scheduleRequestedTasks(DefaultBuildTreeWorkPreparer.java:35)
	at org.gradle.internal.cc.impl.barrier.BarrierAwareBuildTreeWorkPreparer.scheduleRequestedTasks$lambda$0(BarrierAwareBuildTreeWorkPreparer.kt:34)
	at org.gradle.internal.cc.impl.barrier.VintageConfigurationTimeActionRunner.runConfigurationTimeAction(VintageConfigurationTimeActionRunner.kt:48)
	at org.gradle.internal.cc.impl.barrier.BarrierAwareBuildTreeWorkPreparer.scheduleRequestedTasks(BarrierAwareBuildTreeWorkPreparer.kt:33)
	at org.gradle.internal.cc.impl.VintageBuildTreeWorkController$scheduleAndRunRequestedTasks$1$finalizedGraph$1.call(VintageBuildTreeWorkController.kt:37)
	at org.gradle.internal.cc.impl.VintageBuildTreeWorkController$scheduleAndRunRequestedTasks$1$finalizedGraph$1.call(VintageBuildTreeWorkController.kt:37)
	at org.gradle.internal.Try.ofFailable(Try.java:46)
	at org.gradle.internal.cc.impl.VintageBuildTreeWorkController$scheduleAndRunRequestedTasks$1.apply(VintageBuildTreeWorkController.kt:37)
	at org.gradle.internal.cc.impl.VintageBuildTreeWorkController$scheduleAndRunRequestedTasks$1.apply(VintageBuildTreeWorkController.kt:36)
	at org.gradle.composite.internal.DefaultIncludedBuildTaskGraph.withNewWorkGraph(DefaultIncludedBuildTaskGraph.java:115)
	at org.gradle.internal.cc.impl.VintageBuildTreeWorkController.scheduleAndRunRequestedTasks(VintageBuildTreeWorkController.kt:36)
	at org.gradle.internal.buildtree.DefaultBuildTreeLifecycleController.lambda$scheduleAndRunTasks$0(DefaultBuildTreeLifecycleController.java:80)
	at org.gradle.internal.buildtree.DefaultBuildTreeLifecycleController.lambda$runBuild$0(DefaultBuildTreeLifecycleController.java:166)
	at org.gradle.internal.model.StateTransitionController.lambda$transition$2(StateTransitionController.java:227)
	at org.gradle.internal.model.StateTransitionController.doTransition(StateTransitionController.java:324)
	at org.gradle.internal.model.StateTransitionController.lambda$transition$1(StateTransitionController.java:227)
	at org.gradle.internal.work.DefaultSynchronizer.withLock(DefaultSynchronizer.java:45)
	at org.gradle.internal.model.StateTransitionController.transition(StateTransitionController.java:227)
	at org.gradle.internal.buildtree.DefaultBuildTreeLifecycleController.runBuild(DefaultBuildTreeLifecycleController.java:163)
	at org.gradle.internal.buildtree.DefaultBuildTreeLifecycleController.scheduleAndRunTasks(DefaultBuildTreeLifecycleController.java:80)
	at org.gradle.internal.buildtree.DefaultBuildTreeLifecycleController.scheduleAndRunTasks(DefaultBuildTreeLifecycleController.java:75)
	at org.gradle.tooling.internal.provider.ExecuteBuildActionRunner.run(ExecuteBuildActionRunner.java:31)
	at org.gradle.launcher.exec.ChainingBuildActionRunner.run(ChainingBuildActionRunner.java:35)
	at org.gradle.internal.buildtree.ProblemReportingBuildActionRunner.run(ProblemReportingBuildActionRunner.java:55)
	at org.gradle.launcher.exec.BuildOutcomeReportingBuildActionRunner.run(BuildOutcomeReportingBuildActionRunner.java:83)
	at org.gradle.tooling.internal.provider.FileSystemWatchingBuildActionRunner.run(FileSystemWatchingBuildActionRunner.java:118)
	at org.gradle.launcher.exec.BuildCompletionNotifyingBuildActionRunner.run(BuildCompletionNotifyingBuildActionRunner.java:64)
	at org.gradle.launcher.exec.RootBuildLifecycleBuildActionExecutor.lambda$execute$0(RootBuildLifecycleBuildActionExecutor.java:97)
	at org.gradle.composite.internal.DefaultRootBuildState.run(DefaultRootBuildState.java:119)
	at org.gradle.launcher.exec.RootBuildLifecycleBuildActionExecutor.execute(RootBuildLifecycleBuildActionExecutor.java:97)
	at org.gradle.launcher.exec.DefaultBuildTreeActionExecutor.runBuildTreeLifecycle(DefaultBuildTreeActionExecutor.java:126)
	at org.gradle.launcher.exec.DefaultBuildTreeActionExecutor.access$100(DefaultBuildTreeActionExecutor.java:52)
	at org.gradle.launcher.exec.DefaultBuildTreeActionExecutor$2.call(DefaultBuildTreeActionExecutor.java:98)
	at org.gradle.launcher.exec.DefaultBuildTreeActionExecutor$2.call(DefaultBuildTreeActionExecutor.java:94)
	at org.gradle.internal.operations.DefaultBuildOperationRunner$CallableBuildOperationWorker.execute(DefaultBuildOperationRunner.java:210)
	at org.gradle.internal.operations.DefaultBuildOperationRunner$CallableBuildOperationWorker.execute(DefaultBuildOperationRunner.java:205)
	at org.gradle.internal.operations.DefaultBuildOperationRunner$2.execute(DefaultBuildOperationRunner.java:67)
	at org.gradle.internal.operations.DefaultBuildOperationRunner$2.execute(DefaultBuildOperationRunner.java:60)
	at org.gradle.internal.operations.DefaultBuildOperationRunner.execute(DefaultBuildOperationRunner.java:167)
	at org.gradle.internal.operations.DefaultBuildOperationRunner.execute(DefaultBuildOperationRunner.java:60)
	at org.gradle.internal.operations.DefaultBuildOperationRunner.call(DefaultBuildOperationRunner.java:54)
	at org.gradle.launcher.exec.DefaultBuildTreeActionExecutor.runAsBuildOperation(DefaultBuildTreeActionExecutor.java:94)
	at org.gradle.launcher.exec.DefaultBuildTreeActionExecutor.lambda$runBuildTreeAction$0(DefaultBuildTreeActionExecutor.java:88)
	at org.gradle.internal.work.DefaultWorkerLeaseService.lambda$runAndReleaseLocks$0(DefaultWorkerLeaseService.java:302)
	at org.gradle.internal.work.ResourceLockStatistics$1.measure(ResourceLockStatistics.java:43)
	at org.gradle.internal.work.DefaultWorkerLeaseService.runAndReleaseLocks(DefaultWorkerLeaseService.java:300)
	at org.gradle.internal.work.DefaultWorkerLeaseService.withLocksAcquired(DefaultWorkerLeaseService.java:296)
	at org.gradle.internal.work.DefaultWorkerLeaseService.withLocks(DefaultWorkerLeaseService.java:288)
	at org.gradle.internal.work.DefaultWorkerLeaseService.runAsWorkerThread(DefaultWorkerLeaseService.java:131)
	at org.gradle.launcher.exec.DefaultBuildTreeActionExecutor.runBuildTreeAction(DefaultBuildTreeActionExecutor.java:88)
	at org.gradle.tooling.internal.provider.continuous.ContinuousBuildActionExecutor.execute(ContinuousBuildActionExecutor.java:111)
	at org.gradle.tooling.internal.provider.SubscribableBuildActionExecutor.execute(SubscribableBuildActionExecutor.java:64)
	at org.gradle.internal.session.DefaultBuildSessionContext.execute(DefaultBuildSessionContext.java:46)
	at org.gradle.internal.buildprocess.execution.BuildSessionLifecycleBuildActionExecutor$ActionImpl.apply(BuildSessionLifecycleBuildActionExecutor.java:106)
	at org.gradle.internal.buildprocess.execution.BuildSessionLifecycleBuildActionExecutor$ActionImpl.apply(BuildSessionLifecycleBuildActionExecutor.java:94)
	at org.gradle.internal.session.BuildSessionState.run(BuildSessionState.java:73)
	at org.gradle.internal.buildprocess.execution.BuildSessionLifecycleBuildActionExecutor.execute(BuildSessionLifecycleBuildActionExecutor.java:67)
	at org.gradle.internal.buildprocess.execution.BuildSessionLifecycleBuildActionExecutor.execute(BuildSessionLifecycleBuildActionExecutor.java:45)
	at org.gradle.internal.buildprocess.execution.StartParamsValidatingActionExecutor.execute(StartParamsValidatingActionExecutor.java:57)
	at org.gradle.internal.buildprocess.execution.StartParamsValidatingActionExecutor.execute(StartParamsValidatingActionExecutor.java:32)
	at org.gradle.internal.buildprocess.execution.SessionFailureReportingActionExecutor.execute(SessionFailureReportingActionExecutor.java:51)
	at org.gradle.internal.buildprocess.execution.SessionFailureReportingActionExecutor.execute(SessionFailureReportingActionExecutor.java:39)
	at org.gradle.internal.buildprocess.execution.SetupLoggingActionExecutor.execute(SetupLoggingActionExecutor.java:47)
	at org.gradle.internal.buildprocess.execution.SetupLoggingActionExecutor.execute(SetupLoggingActionExecutor.java:31)
	at org.gradle.launcher.daemon.server.exec.ExecuteBuild.doBuild(ExecuteBuild.java:70)
	at org.gradle.launcher.daemon.server.exec.BuildCommandOnly.execute(BuildCommandOnly.java:37)
	at org.gradle.launcher.daemon.server.api.DaemonCommandExecution.proceed(DaemonCommandExecution.java:104)
	at org.gradle.launcher.daemon.server.exec.WatchForDisconnection.execute(WatchForDisconnection.java:39)
	at org.gradle.launcher.daemon.server.api.DaemonCommandExecution.proceed(DaemonCommandExecution.java:104)
	at org.gradle.launcher.daemon.server.exec.ResetDeprecationLogger.execute(ResetDeprecationLogger.java:29)
	at org.gradle.launcher.daemon.server.api.DaemonCommandExecution.proceed(DaemonCommandExecution.java:104)
	at org.gradle.launcher.daemon.server.exec.RequestStopIfSingleUsedDaemon.execute(RequestStopIfSingleUsedDaemon.java:35)
	at org.gradle.launcher.daemon.server.api.DaemonCommandExecution.proceed(DaemonCommandExecution.java:104)
	at org.gradle.launcher.daemon.server.exec.ForwardClientInput.lambda$execute$0(ForwardClientInput.java:40)
	at org.gradle.internal.daemon.clientinput.ClientInputForwarder.forwardInput(ClientInputForwarder.java:80)
	at org.gradle.launcher.daemon.server.exec.ForwardClientInput.execute(ForwardClientInput.java:37)
	at org.gradle.launcher.daemon.server.api.DaemonCommandExecution.proceed(DaemonCommandExecution.java:104)
	at org.gradle.launcher.daemon.server.exec.LogAndCheckHealth.execute(LogAndCheckHealth.java:64)
	at org.gradle.launcher.daemon.server.api.DaemonCommandExecution.proceed(DaemonCommandExecution.java:104)
	at org.gradle.launcher.daemon.server.exec.ApplyClientEnvironmentVariables.doBuild(ApplyClientEnvironmentVariables.java:80)
	at org.gradle.launcher.daemon.server.exec.BuildCommandOnly.execute(BuildCommandOnly.java:37)
	at org.gradle.launcher.daemon.server.api.DaemonCommandExecution.proceed(DaemonCommandExecution.java:104)
	at org.gradle.launcher.daemon.server.exec.LogToClient.doBuild(LogToClient.java:63)
	at org.gradle.launcher.daemon.server.exec.BuildCommandOnly.execute(BuildCommandOnly.java:37)
	at org.gradle.launcher.daemon.server.api.DaemonCommandExecution.proceed(DaemonCommandExecution.java:104)
	at org.gradle.launcher.daemon.server.exec.EstablishBuildEnvironment.doBuild(EstablishBuildEnvironment.java:74)
	at org.gradle.launcher.daemon.server.exec.BuildCommandOnly.execute(BuildCommandOnly.java:37)
	at org.gradle.launcher.daemon.server.api.DaemonCommandExecution.proceed(DaemonCommandExecution.java:104)
	at org.gradle.launcher.daemon.server.exec.StartBuildOrRespondWithBusy$1.run(StartBuildOrRespondWithBusy.java:52)
	at org.gradle.launcher.daemon.server.DaemonStateCoordinator.lambda$runCommand$0(DaemonStateCoordinator.java:321)
	at org.gradle.internal.concurrent.ExecutorPolicy$CatchAndRecordFailures.onExecute(ExecutorPolicy.java:65)
	at org.gradle.internal.concurrent.AbstractManagedExecutor$1.run(AbstractManagedExecutor.java:47)


Deprecated Gradle features were used in this build, making it incompatible with Gradle 10.

You can use '--warning-mode all' to show the individual deprecation warnings and determine if they come from your own scripts or plugins.

For more on this, please refer to https://docs.gradle.org/9.7.1/userguide/command_line_interface.html#sec:command_line_warnings in the Gradle documentation.

BUILD FAILED in 689ms
